n_cliente,age,marital_status,location,salary_interval,active_portfolio
fa7e253f3ce347cea79b1ea04bd297b4,53,CASADO REG COMUNHAO ADQUIRIDOS,LISBOA,0,25735.05
9dd6227353074a06b2099ad454a1d40c,57,CASADO REG COMUNHAO ADQUIRIDOS,VIANA DO CASTELO,1500-1999,0
d2f463f6ae8f4d878c54b518ba1af9ea,66,VIUVO                         ,LISBOA,0,86084.21
098903d9d01744d68b08297d97a424ad,43,SOLTEIRO                      ,FARO,0,0
d5b0f1136bab47dda489d1eeaae9edf4,35,SOLTEIRO                      ,PORTO,0,0
3a3c35fa852e4b79a9c56bde667b5d6c,31,SOLTEIRO                      ,BRAGANCA,0,0
bff29362da514dbe82cca218fe0e9176,53,CASADO                        ,-,1500-1999,0
696bd5799742465f90744b0d75d7a75f,39,SOLTEIRO                      ,AVEIRO,500-999,0
88a3a88e792d4e3c856f56d9a1db232e,24,SOLTEIRO                      ,PORTO,0,0
fecc0b4a8ab8479cb73bb206d18e10c3,28,SOLTEIRO                      ,LISBOA,0,0
4e559eab3e054ac6bc038522f5586b4d,53,DIVORCIADO                    ,LISBOA,0,38181.41
e6f9e6378d0646feb5db04eb12623aba,47,SOLTEIRO                      ,SANTAREM,<500,35569.23
15155fa725f048b3a4c6b3b10a7aa733,64,CASADO REG COMUNHAO GERAL BENS,EVORA,1000-1499,78838.64
ba81996efe8949828bfedececce07e9e,57,SOLTEIRO                      ,PORTO,0,0
01cf067f2e344065ad4b286e56830218,44,SOLTEIRO                      ,AZORES,500-999,0
f39479e4022343e69d2c01baf434e16b,38,CASADO REG COMUNHAO ADQUIRIDOS,PORTO,0,0
799e277429ef4581bc4ffbdfda587835,52,CASADO REG COMUNHAO GERAL BENS,LISBOA,1500-1999,152339.91
43509b245869405bb742b85dd5bd83b9,37,SOLTEIRO                      ,LEIRIA,0,0
a20b6196db8347278fb17c9e793d4d1d,61,CASADO REG COMUNHAO ADQUIRIDOS,CASTELO BRANCO,2000-2499,0
f8ac210d18b64fd183d178e02916a600,30,UNIDO DE FACTO                ,VISEU,500-999,106361.46
120b1f45d39c45e8b2b48676d027d2cf,29,SOLTEIRO                      ,PORTO,0,0
ab2bc5d7f7404161a1c642b1c558d51a,31,SOLTEIRO                      ,PORTO,0,0
c2e497e7ec31457da3906eaa62477be2,34,SOLTEIRO                      ,BRAGA,1500-1999,0
beef7659636e4672b38d1999dd79ba93,44,SOLTEIRO                      ,LISBOA,1000-1499,326966.7
6ab685b93fb14179a03fc05bcf3a78c2,21,SOLTEIRO                      ,BRAGA,<500,0
f4fb905811404fb3b5eb815420775df8,20,SOLTEIRO                      ,PORTO,1000-1499,0
f020611dd5234853859ae78912fd8c76,75,CASADO REG COMUNHAO ADQUIRIDOS,VISEU,0,0
f86a15d3c46b4ac19aa3654bb51f55fe,51,CASADO REG COMUNHAO GERAL BENS,-,0,0
9a02e3747f23406cb075c610bde7554e,55,CASADO REG COMUNHAO GERAL BENS,LISBOA,500-999,0
5f870e45486641218f46d50b03bc37c9,52,SOLTEIRO                      ,PORTO,1000-1499,0
93d41d2c7e8a4f3b9a71cd9254b05f4f,19,SOLTEIRO                      ,PORTO,0,0
5f3f3e35864d4fd09160c986784d3427,39,CASADO REG COMUNHAO ADQUIRIDOS,LEIRIA,0,0
e908558c40944475a3eb5e531117fa25,40,SOLTEIRO                      ,-,0,0
f71dac4ae6a341e5829748f389bb4dc2,57,CASADO REG COMUNHAO ADQUIRIDOS,FARO,0,2551.97
0db8638379a34d5e9b046b9963f81d4f,47,CASADO REG COMUNHAO ADQUIRIDOS,SETUBAL,1000-1499,0
46e0d2107efb42cbae028f6e0540ed4f,58,CASADO REG COMUNHAO ADQUIRIDOS,BRAGA,1000-1499,0
f44488221cb942b2a82dcf745ef411c8,30,SOLTEIRO                      ,BRAGA,500-999,0
cd5b18397b6b42188f4c22590c0feaae,22,SOLTEIRO                      ,LISBOA,0,0
dcd98ccd292f4f34950616a47e954e7a,74,DIVORCIADO                    ,LISBOA,0,0
6849fe25a3224da4afc80248c6bcd5e9,48,CASADO REG COMUNHAO ADQUIRIDOS,SANTAREM,1000-1499,0
60ed128f63d741e69ac55060fc5e95a2,42,SOLTEIRO                      ,SETUBAL,0,0
f2b98872b97642568c5c3441dc4e73ef,28,SOLTEIRO                      ,MADEIRA,0,0
f4438cff2fc94a979f838f6deaa6c70d,56,DIVORCIADO                    ,LISBOA,0,0
3aaf7ad218dc419b9d4beb806a4e31f4,32,SOLTEIRO                      ,-,0,0
6195b34a3f7846ec8d30698b3001a35b,33,SOLTEIRO                      ,PORTO,0,0
c71ac7d64c174cd39053ffb7115e895d,40,CASADO REG COMUNHAO ADQUIRIDOS,PORTO,0,0
db2f19bbb15c479c822a8bc3ddfd6670,49,CASADO REG COMUNHAO ADQUIRIDOS,-,0,0
c3c1b1333e7d4c1c9e11a0b187d601ed,47,CASADO REG COMUNHAO ADQUIRIDOS,-,500-999,58726.45
b4f73503d09640a487b7e1b0ebc87460,49,SOLTEIRO                      ,LISBOA,0,17510.18
5ce61132269e47c9a50a948a8bb503f7,73,DIVORCIADO                    ,LISBOA,0,0
77b4a8ffa94e45febd94b789d192ea77,61,CASADO REG COMUNHAO ADQUIRIDOS,LISBOA,0,0
10c98b9bc39f4766a59e1cd99aeb74ea,40,DIVORCIADO                    ,LISBOA,1500-1999,0
f5649c101bb44325bb21b2c1c3f4126b,31,SOLTEIRO                      ,AVEIRO,0,0
3ee42f9bb7184e47967bba974780ca1f,24,SOLTEIRO                      ,BRAGA,1000-1499,0
38b0af124df147469e929f143d475c1b,31,SOLTEIRO                      ,SETUBAL,0,0
3aad12db022848918b117496fa053703,28,SOLTEIRO                      ,SETUBAL,1500-1999,0
628dc9fe22f24c17a1c1dfe5fb202f4f,42,SOLTEIRO                      ,PORTO,0,0
5b367308e98048428169ac8b94edebeb,50,CASADO REG COMUNHAO ADQUIRIDOS,PORTO,0,0
0d660031c7844eec97bc8c99c071c50e,49,CASADO REG COMUNHAO ADQUIRIDOS,LISBOA,1500-1999,0
4af58c51a9874150922e795e04665cbf,27,SOLTEIRO                      ,LISBOA,500-999,0
cb284f17b2394444a92357e0742fa42c,35,SOLTEIRO                      ,LISBOA,0,0
b6a637ae1dd64c279f3acfde2c108f0b,42,CASADO REG COMUNHAO ADQUIRIDOS,LEIRIA,0,0
1f35a3dde40242c182c6e6f36220f704,49,UNIDO DE FACTO                ,CASTELO BRANCO,500-999,53069.44
89d3c8f79257497e8488aeb2781ecebc,31,SOLTEIRO                      ,LISBOA,1000-1499,0
5c4744a1a2174294b859d5c83afb82fe,24,SOLTEIRO                      ,SANTAREM,500-999,0
e29dad34c6254fc3a2639ff50e9db456,48,CASADO REG COMUNHAO ADQUIRIDOS,BRAGA,2000-2499,23338.03
c665aaec5bdd4659a5b1fd17682ec843,27,SOLTEIRO                      ,BRAGA,500-999,0
3105dcda66b1459081309d62267b8ae5,44,SOLTEIRO                      ,SETUBAL,1000-1499,99367.52
629a8d7bdeb74f25a3a0ba842406b29b,34,CASADO REG COMUNHAO ADQUIRIDOS,LISBOA,0,0
150847ff0f7e4fd0a2c8ca61beca2da2,41,SOLTEIRO                      ,COIMBRA,0,0
52c1e102fc954ab9ade8b9c55fbb175b,43,CASADO REG COMUNHAO ADQUIRIDOS,PORTO,1500-1999,185278.39
e5db3c978eab4bbba0c9e7a09596d77f,44,SOLTEIRO                      ,LISBOA,1000-1499,0
b9d4ae2a8d7c4d7185712e15463e9141,29,SOLTEIRO                      ,LISBOA,2500-2999,0
f84658b307b94f44afdd12a62ecf5524,50,DIVORCIADO                    ,SETUBAL,1500-1999,157527.51
8f0cc5993b464fdca4aded12b34e4768,31,SOLTEIRO                      ,LISBOA,500-999,0
18ab6227bdb84e8489e912469af9e750,26,SOLTEIRO                      ,LISBOA,1000-1499,0
22a6274b836b4f7aaf83058e0688fd5b,41,CASADO                        ,SETUBAL,0,0
2e68a6f3d7f142188c55abcd6af298c1,61,CASADO REG COMUNHAO ADQUIRIDOS,SETUBAL,0,0
40e5b2659b11477a86ae54d2edbbb1c8,30,SOLTEIRO                      ,SANTAREM,0,0
776b3cb9d8144952bd4f4d20321b3745,56,CASADO                        ,COIMBRA,2000-2499,72541.63
42ecc943d5a64a1f82ddb71834a7ab52,23,SOLTEIRO                      ,AVEIRO,0,0
bf4bff21864f48c6ae50a46e49992e93,49,SOLTEIRO                      ,-,0,90102.89
3593208a405b4d2ba764841dc495a178,57,DIVORCIADO                    ,COIMBRA,500-999,1833.38
fd0df177c6a041f883ebd6ee31cb81e5,47,SOLTEIRO                      ,LISBOA,1000-1499,77780.16
d04f76b9b5014464afd44cc3fb32be83,25,SOLTEIRO                      ,VISEU,1000-1499,0
d4949a483357407fadd79c1b8e5584b2,62,DIVORCIADO                    ,-,0,0
7f462fcd4b314582a1ea0373a497c76a,66,UNIDO DE FACTO                ,COIMBRA,1000-1499,23383.3
840e18df9c114d73a87dfc92f503df35,77,VIUVO                         ,COIMBRA,0,0
298d4041d01f46ee982316724d9911de,43,SOLTEIRO                      ,SANTAREM,1000-1499,0
bdd8825296b64b10834e4d011bb7e565,34,SOLTEIRO                      ,EVORA,0,0
06f312db9e2f4076b1b4e15b4b8dd0c4,39,SOLTEIRO                      ,GUARDA,1500-1999,0
1df32508f76d421289d3288b4fa1961e,35,SOLTEIRO                      ,LISBOA,0,0
9febe9e0b61545898d8cc0009c541653,58,CASADO REG COMUNHAO ADQUIRIDOS,LISBOA,1500-1999,0
a3c8d94747994b3ba71aa4bf8693e9fa,34,SOLTEIRO                      ,AVEIRO,1000-1499,72897.83
a8b448433ddb470e823dd63a93f73da3,33,SOLTEIRO                      ,-,0,0
d929b5656c4448f1a470565da55b68b4,38,UNIDO DE FACTO                ,-,0,0
379cf0ad87954003a5f27213af0c2527,27,SOLTEIRO                      ,SETUBAL,0,0
fcd9fe7b1534450793296fb15e96161b,32,SOLTEIRO                      ,LISBOA,0,0
f94161ec3e374f2c9ee9db01b80382f5,58,CASADO REG COMUNHAO ADQUIRIDOS,BRAGA,1500-1999,73091.15
ed91f9a6016e49f68dd99e38c41d8a71,51,SOLTEIRO                      ,SETUBAL,0,0
1645ee6b29c747ea973f891fecc560d4,62,SOLTEIRO                      ,LISBOA,0,0
86bc0a74ac0847a9b66a15227a9a4a66,76,CASADO REG COMUNHAO ADQUIRIDOS,LISBOA,0,0
6b1bc926baf34b37ad9b2030a197ae03,49,SOLTEIRO                      ,LISBOA,0,0
ff4fd642886f46469fc7b6c8ab745239,38,SOLTEIRO                      ,LISBOA,0,0
0f5a23e366434e6381873d02f61d6da9,56,CASADO REG COMUNHAO ADQUIRIDOS,COIMBRA,1500-1999,0
58f19d9ca083478c98a715287b2e356c,41,SOLTEIRO                      ,VISEU,0,0
c0b250b2e4f64bda9a64530a7b73cf88,32,SOLTEIRO                      ,COIMBRA,1000-1499,4638.1
73cfb0eb9a4d4d59a181feaedc4a52a3,27,SOLTEIRO                      ,SETUBAL,<500,107272.02
2af312c3495043c492c127c1d5ff89fe,46,CASADO REG COMUNHAO ADQUIRIDOS,GUARDA,1000-1499,0
53b1ea7e1b67444f9ea948bc96d256cb,55,CASADO REG COMUNHAO ADQUIRIDOS,LISBOA,1500-1999,0
7443a9ce923f4ad894106deb9a856065,31,SOLTEIRO                      ,BRAGA,0,0
879f3cc7257748809e6782ed73176e17,57,CASADO REG COMUNHAO ADQUIRIDOS,LISBOA,1500-1999,90857.54
2ef54dc0856947b3b4797cbaf5df43a7,37,SOLTEIRO                      ,AVEIRO,1000-1499,0
5c0159c5cdd54cbe9ee88e3d164c8514,61,CASADO REG COMUNHAO ADQUIRIDOS,LISBOA,500-999,0
d498da926d36460a9ff22c6ffc51d15e,64,SOLTEIRO                      ,-,0,0
77bfe1db161c4ae0925e9f2d815bab38,40,SOLTEIRO                      ,BRAGANCA,0,0
a6ef3c80341d4f52b5623813f4d20392,26,SOLTEIRO                      ,LISBOA,0,0
6900b05ce3ee4989aa7b431471335e64,47,SOLTEIRO                      ,SETUBAL,<500,0
50e3db816fc94dfbb7d53ab0bf431dee,27,SOLTEIRO                      ,BRAGA,1500-1999,0
b8513529b8e14b81b4c72a65a43ee92e,19,SOLTEIRO                      ,BRAGA,0,0
13aad5434f44425292697f5c4020c3a4,41,SOLTEIRO                      ,PORTO,1000-1499,0
1bf9820a46ea4574ba162dfd26f3f9b2,40,SOLTEIRO                      ,LISBOA,1500-1999,91449.28
f1ff7655b6db4a31be26ada8ef443055,31,SOLTEIRO                      ,LISBOA,0,0
4c5738ac72a54e18bcc356f8d5716853,34,SOLTEIRO                      ,PORTO,0,0
ed60f48efa634bc28f2228f0dc61850b,55,SOLTEIRO                      ,-,0,26499.35
0a3647bea26b4402aef7e6c6dff3a6d4,52,CASADO REG COMUNHAO ADQUIRIDOS,LISBOA,1500-1999,45233.04
6f1ce8ba2a304dac8cae96345808e957,49,CASADO REG COMUNHAO ADQUIRIDOS,MADEIRA,0,0
6e36d116df944d30b4e19782be58e500,33,CASADO REG COMUNHAO ADQUIRIDOS,SETUBAL,0,0
a147ab2e1c77418fb391ae84b2d5b401,30,SOLTEIRO                      ,AVEIRO,0,0
62e125d4c5904cec86e4f816ece8df61,43,CASADO REG COMUNHAO ADQUIRIDOS,LISBOA,2500-2999,235003
e5fb508caefb416d9a3c8c5c76d0d8e0,29,SOLTEIRO                      ,SETUBAL,1500-1999,92241.08
6dc20e1bcf1843eb92265a760c0f1cfd,30,SOLTEIRO                      ,VIANA DO CASTELO,<500,0
026a5ff6d8294209bdaa77ae7635ae8b,42,SOLTEIRO                      ,SETUBAL,500-999,0
5c2d686d79474843bb41b51d4da5c7f5,36,UNIDO DE FACTO                ,AVEIRO,500-999,1855.23
2798ca89eb8847ba99b11b63a0324a61,71,DIVORCIADO                    ,PORTO,0,0
1687e9899f9c45b7a5181f4858a03bcc,61,SOLTEIRO                      ,SETUBAL,0,0
d0da5674975f41bdbffafb4517e446d9,32,CASADO REG COMUNHAO ADQUIRIDOS,LISBOA,1500-1999,167270.36
5840e7c7790344c4a3ed52b80583b428,56,SOLTEIRO                      ,-,0,0
c451eee1eba24c5ea4d9b3c4f79cff9a,32,CASADO REG COMUNHAO ADQUIRIDOS,-,0,108268.31
646644bb258e4d2384684ae5ffeee7f0,29,SOLTEIRO                      ,BEJA,0,118512.2
0688dba18bbc4e9ab8cbf2c92703659b,23,SOLTEIRO                      ,SETUBAL,0,0
0d2c255eca474d0592d91237b9bf2198,51,CASADO REG COMUNHAO ADQUIRIDOS,LISBOA,1500-1999,155948.28
81e29e7d12ef45288419b8a3b25cb337,42,DIVORCIADO                    ,PORTO,0,157814.68
f7926d7830894c759035d3eb70dc8adc,35,VIUVO                         ,AZORES,500-999,71820.89
e982f0f463944209960332d10e10618e,33,CASADO                        ,LISBOA,0,0
1e8fac876f6c48a2883ffc909a0da425,61,CASADO                        ,LISBOA,0,0
473baf655c2a4231a217b7d3c7ef22bb,52,CASADO REG COMUNHAO ADQUIRIDOS,BRAGA,500-999,0
9f9adfcb0d5541de96cec459c3a4735c,29,SOLTEIRO                      ,MADEIRA,1000-1499,0
4858668d70e64543bc5c183b6217753b,39,SOLTEIRO                      ,SETUBAL,0,0
a64f062c87af4bad9997a1d0b6b2aea0,21,,GUARDA,0,0
0681439aedf04a848e6f01be93ed3849,45,SOLTEIRO                      ,AVEIRO,1500-1999,0
7ec2efdd4fe74f55830bbadf68fc3bff,42,CASADO REG COMUNHAO ADQUIRIDOS,LISBOA,>=3000,137532
3431ced3923c47f48feee79266a113f8,24,SOLTEIRO                      ,LISBOA,0,0
4e565ad9e71147cea5095d559cf6220e,48,SOLTEIRO                      ,SANTAREM,1500-1999,65048.57
0aa9e4852ad14d0384b7cde5d6dcdb6d,31,SOLTEIRO                      ,MADEIRA,0,0
c27907e9c865428bae80c496822838ba,46,CASADO REG COMUNHAO ADQUIRIDOS,COIMBRA,0,0
1573304ce70c40ec894230ae9caa33bf,22,SOLTEIRO                      ,LISBOA,0,0
38841307eb5f4102b0ac6902e0d35fda,25,SOLTEIRO                      ,LISBOA,0,5545.38
122278a7ce83412486641f58e52b932c,52,CASADO REG COMUNHAO ADQUIRIDOS,PORTO,500-999,0
cbd0de7642dc45e097dab50065eba502,37,CASADO REG COMUNHAO ADQUIRIDOS,-,0,58542.67
7fb527ecc6304365aeb126ca8f4cc88f,24,SOLTEIRO                      ,AVEIRO,0,0
3853af31e4c04c6889442c83ff443cd7,49,CASADO REG COMUNHAO ADQUIRIDOS,FARO,500-999,0
1b3b2218717348a785bf216d742476ee,28,SOLTEIRO                      ,VILA REAL,1000-1499,0
50ad10220f9a48dea19aad2722a9a0bc,43,CASADO REG COMUNHAO ADQUIRIDOS,EVORA,1500-1999,78259.1
ac7934d5faf9468f95facff5de48b67c,32,SOLTEIRO                      ,BRAGA,1000-1499,0
2635f802d278433e88d882ef9607992c,31,UNIDO DE FACTO                ,LEIRIA,<500,86507.48
a389ff5b31244ff880597f9aefb1444e,56,SOLTEIRO                      ,FARO,0,60697.52
f24852444d444a13852eead2d9b544ae,47,SOLTEIRO                      ,LISBOA,0,0
8d25cdfaf2bf4141b0eb92cfc193ba18,45,SOLTEIRO                      ,LISBOA,1000-1499,0
bd1d7b257b2845909d6a65424cca3aa0,29,SOLTEIRO                      ,GUARDA,500-999,0
86ed0358adea422a9eef3ddabef92a0f,28,SOLTEIRO                      ,BRAGA,0,0
2a850a31e8ba40229bf6d990379cc915,40,SOLTEIRO                      ,PORTO,500-999,0
8d9e4b58cbc44c3dbaa88df95b945998,53,DIVORCIADO                    ,LISBOA,1500-1999,0
d614da6603bd4222bd28378fdbd3abf6,60,CASADO                        ,-,0,0
4ebcdb5ec44b43ad94cb314743b8e823,28,SOLTEIRO                      ,COIMBRA,500-999,0
ef457f20b5174af0b6516d9ac36ba2ee,22,SOLTEIRO                      ,PORTO,0,0
268a9251dbda471f85a54d65526e9c47,33,SOLTEIRO                      ,LISBOA,500-999,0
4c5e431802df444a9d29fe9e94443d54,67,CASADO REG COMUNHAO ADQUIRIDOS,BRAGA,0,0
96209be971804c04a1360732bc7b21f1,25,SOLTEIRO                      ,LISBOA,0,0
e2482ae52bda453698d60da811b8a125,31,SOLTEIRO                      ,VISEU,500-999,0
e483bc7c34644bd8a693fc6671819d1b,55,SOLTEIRO                      ,VIANA DO CASTELO,500-999,0
d54f1411d5724ee79f61f51de6cf53cb,35,SOLTEIRO                      ,PORTALEGRE,0,0
a3dc2414ac7246b2a3f9dcfce4cd2ddd,46,SOLTEIRO                      ,PORTALEGRE,0,0
0e07b6ab44684e2cbb744e814bb4a89c,40,DIVORCIADO                    ,LISBOA,0,0
25817d9f4ca24430bcbf1ecd621f7da6,31,SOLTEIRO                      ,PORTO,0,0
cdb1d5e1f5834755bb09216666aa77e6,60,CASADO REG COMUNHAO ADQUIRIDOS,BRAGA,500-999,0
9f0830074a364851ad0d5af177560e03,27,SOLTEIRO                      ,PORTO,0,0
02f1b26aeb6845bca7a4a30b4da7e7a0,22,SOLTEIRO                      ,SANTAREM,0,0
e4c5c024f8e54d0e9b7864af2d8c360b,35,SOLTEIRO                      ,VILA REAL,0,1330.54
c6b670ef27694c749ef162e974362d55,22,SOLTEIRO                      ,BRAGANCA,0,0
8532f1f42f7d4c4299b3971d6931a2d7,20,SOLTEIRO                      ,BRAGANCA,0,0
5ac87b2021e44cd99b2c7cf3b6da4b3b,44,CASADO REG COMUNHAO ADQUIRIDOS,-,0,0
d3ba89973f5c4778bbdc6a8e408715d5,47,CASADO                        ,SETUBAL,1500-1999,141986.47
31cc5cea53e44d809dcdb919c465b9f0,26,SOLTEIRO                      ,LISBOA,1000-1499,0
fa58aa8ff4b54c8fa1d278181f86e6ae,45,CASADO REG COMUNHAO ADQUIRIDOS,BRAGA,1000-1499,58404.7
56738bdf72bd4f70a8987df63bdf9a41,30,SOLTEIRO                      ,LISBOA,0,0
0860350111714ef38e582759dbf83475,32,SOLTEIRO                      ,COIMBRA,0,0
7f04f0b9d40b47edb46f675e4dd1a263,46,SOLTEIRO                      ,PORTO,0,0
6efb2603b2df44dba9e15e2f5e3c94de,30,SOLTEIRO                      ,PORTO,1000-1499,0
a7cc7732a9364f8b86ba8ece9163a13b,23,SOLTEIRO                      ,LISBOA,500-999,0
eb145e8aad9a41b8a8b62fe021302ad6,41,SOLTEIRO                      ,PORTO,500-999,0
25f34b117e70431ab485dea79ebeafa2,26,SOLTEIRO                      ,LEIRIA,0,0
246051377487437e9fbab4db4de27f56,26,SOLTEIRO                      ,PORTO,0,0
b433f4695ba54e638aee6503c5117109,40,CASADO REG COMUNHAO ADQUIRIDOS,PORTO,1500-1999,0
43e4ce10aef5476ebec242ec72ce6d0e,49,DIVORCIADO                    ,SETUBAL,500-999,0
6fe1f9dd46054decbc6dfa84dfa5f5c8,33,SOLTEIRO                      ,PORTO,500-999,0
094bd283cae74d91ac2ace7dc97801cd,42,SOLTEIRO                      ,SETUBAL,0,0
595f293a11a848cfbc6eaf0474b5e7d2,39,SOLTEIRO                      ,LISBOA,500-999,0
7d72d804e05f47de8b03356bb6da8380,47,CASADO REG COMUNHAO ADQUIRIDOS,LISBOA,0,0
156f2099ebd544d3879e6aa6bcf3e800,24,SOLTEIRO                      ,BRAGA,0,0
5bf83367acaa40fcb30ed1832e1abfd6,44,CASADO REG COMUNHAO ADQUIRIDOS,VIANA DO CASTELO,0,0
ab2708662e344342bb85610f173ef578,75,CASADO REG COMUNHAO ADQUIRIDOS,-,0,0
368f7ce9d9d54162aa18d74433cdfad8,61,SOLTEIRO                      ,COIMBRA,0,19834.11
ca761e31c69b49e8a302a5db04ab9e1a,33,CASADO REG COMUNHAO ADQUIRIDOS,LISBOA,1000-1499,0
d015b7766a724f489a3d970fd65d9dbf,46,DIVORCIADO                    ,SETUBAL,1000-1499,268152.39
5520da44689f44ee9f1de0f3e6f9f2b8,57,CASADO REG COMUNHAO GERAL BENS,SETUBAL,0,16141.68
5ef6ca961e354e52898331effdb98fc6,30,SOLTEIRO                      ,LISBOA,1000-1499,0
ba4ad54d08b74d259e3b314be8c92d6a,29,SOLTEIRO                      ,BRAGANCA,500-999,0
115cb6abe4da4fe5a5f63ca391838dc1,35,SOLTEIRO                      ,LISBOA,1000-1499,0
5ebbfcd195c7405f8c68a27f3b673990,35,SOLTEIRO                      ,LISBOA,0,0
7e39106637724cc7a622eb940acec193,51,CASADO REG COMUNHAO ADQUIRIDOS,SANTAREM,1500-1999,0
070c23788c204562939d94acd76a0f59,39,SOLTEIRO                      ,LISBOA,1000-1499,0
5ce095386bc647a7b7c7734bb948ae79,45,CASADO REG COMUNHAO ADQUIRIDOS,SETUBAL,1500-1999,82427.27
aa4d264e622e44e2aac05119fe8d57ad,30,SOLTEIRO                      ,LEIRIA,0,0
c0b1595c6a1e4f8d9a425b9dc900b102,41,CASADO REG COMUNHAO ADQUIRIDOS,VIANA DO CASTELO,1000-1499,0
4359386f4c3f475daf517828b2204a7d,50,CASADO REG COMUNHAO ADQUIRIDOS,-,0,0
23723b5ae2b04710a45930c4fcb6458b,39,SOLTEIRO                      ,SANTAREM,0,0
b75365c1ed964c6f9cd5dc65ff435bfb,27,SOLTEIRO                      ,PORTO,1000-1499,0
298780507d244d04bce7d131f346c771,70,CASADO REG COMUNHAO ADQUIRIDOS,PORTO,0,0
5e496a0bb2bd47aca8786bd44c32bbe5,50,CASADO                        ,-,0,0
ac1808087e9a4f5bb083937aba3e5530,18,SOLTEIRO                      ,LEIRIA,0,0
d81ddf53119b43649329e08a4b4f93bc,54,SOLTEIRO                      ,LISBOA,1000-1499,55481.52
d520ca8ac8884880914054298d7422b8,37,SOLTEIRO                      ,SETUBAL,500-999,73993.95
4fc83310c9cc44ef8e2bbdf850ff5187,40,SOLTEIRO                      ,CASTELO BRANCO,0,91210
8f6c18ab48844042a2f5bcb1124ca8af,43,SOLTEIRO                      ,PORTO,0,42806
c831f4635aed47dc91d5d3808b7e6b89,35,SOLTEIRO                      ,MADEIRA,0,0
db38d20b198743e186a35890d6b640f3,38,SOLTEIRO                      ,SETUBAL,0,130473.7
90d171e6e40e49fab2c8de1c89fb1ad1,21,SOLTEIRO                      ,LISBOA,0,0
df03767e7051410690b128e8e32d98e6,42,SOLTEIRO                      ,SETUBAL,0,11636.57
67b407d35549464492c3ab215d946c3d,57,DIVORCIADO                    ,LISBOA,0,0
2ded7fb0f23f4908b937518240fdacbd,44,SOLTEIRO                      ,SETUBAL,500-999,0
9e92559eb5814e28a035a0a7d7114545,45,CASADO REG COMUNHAO GERAL BENS,-,500-999,0
a43c3b34758943a999d98c4095439c8d,29,SOLTEIRO                      ,BRAGA,500-999,0
50c93567854d4a70b1dba545dc825ba6,38,CASADO REG COMUNHAO ADQUIRIDOS,SANTAREM,1500-1999,0
e2bb3e1b28f94756ae729148a39f5fe7,27,SOLTEIRO                      ,MADEIRA,0,0
fdf4d2eebdce4edb86bfc106b1224254,34,CASADO REG COMUNHAO ADQUIRIDOS,PORTO,0,90744.56
84156c715f204ecf95f37feae2c0a4c2,24,SOLTEIRO                      ,LISBOA,0,0
12446760007d4ca9819705b0b815af16,50,CASADO REG COMUNHAO ADQUIRIDOS,FARO,500-999,0
f4d7af89222d4df59366bfa953f1d70f,61,CASADO REG COMUNHAO ADQUIRIDOS,LISBOA,1000-1499,0
df1be23566ca48d28fe3b77277629337,46,CASADO                        ,PORTO,500-999,9537.11
c1c10a56e363405289b27ce3afb31de1,31,CASADO                        ,CASTELO BRANCO,0,0
dea3e4e1796d45cdaf9e4262aab54865,40,SOLTEIRO                      ,LEIRIA,0,0
9baf66b4f8e3452fa07b9f9b217474f5,25,SOLTEIRO                      ,PORTO,0,0
9e6132b59807445f93836150d6c89b55,30,SOLTEIRO                      ,-,0,0
b608617d1ac44c3884165e99c0781d9f,52,DIVORCIADO                    ,LISBOA,0,22395.87
84eebe3b193842729006d6670b51e5f4,60,CASADO REG COMUNHAO ADQUIRIDOS,LISBOA,0,148690.72
274d786f6a8948ea8a740d8bab2c7d69,25,SOLTEIRO                      ,LISBOA,0,0
5b6c66662c5b4686a25b485bb89e770d,48,CASADO REG COMUNHAO ADQUIRIDOS,-,0,0
dfaead6e47114104b84ee5ee409e8c2c,26,SOLTEIRO                      ,AVEIRO,0,0
bf134df621db45be8cf340e85aa16d27,45,CASADO REG COMUNHAO ADQUIRIDOS,SETUBAL,0,4104.4
c2b5ff411fd74df3a81353691a92765e,27,SOLTEIRO                      ,PORTO,0,0
17d932e6fbb1454b92c48bad8b148806,76,CASADO REG COMUNHAO GERAL BENS,PORTO,0,0
55a1d16768cb4782af2e0095c5420528,39,SOLTEIRO                      ,SETUBAL,0,0
3e69dfcb1b114955b06bbeb12a07d9ce,56,DIVORCIADO                    ,AZORES,1000-1499,0
951582be2c1a4394abd5908329388bf8,35,SOLTEIRO                      ,LISBOA,2000-2499,94843.2
9be6f71bd10d453d9961473b9c6b3db8,26,SOLTEIRO                      ,FARO,0,0
dda0ab0504594ce49a02b1dbfb406c12,28,SOLTEIRO                      ,VIANA DO CASTELO,0,0
7dd2ba80eb8a4bb883a95230243dc5db,30,SOLTEIRO                      ,PORTO,500-999,1911.72
1fa4c912814b409b8bb34acd847c390f,73,CASADO REG COMUNHAO ADQUIRIDOS,LISBOA,0,0
42d1cb59ef354394bb17795f82679f15,42,CASADO REG COMUNHAO ADQUIRIDOS,PORTO,1000-1499,0
415319be161e444f8e671cc06e57e40a,41,DIVORCIADO                    ,PORTO,0,0
d269df3af9904d4f926d3be27a4b102f,45,CASADO REG COMUNHAO ADQUIRIDOS,LISBOA,500-999,0
4085a3b61ffb441da5b23779966cc24e,41,CASADO REG COMUNHAO ADQUIRIDOS,-,1500-1999,155911.53
6826e1b81b114c07b834c76d8968126f,59,CASADO REG COMUNHAO ADQUIRIDOS,LISBOA,0,0
621358187c824b88893d651c0a5a85be,69,DIVORCIADO                    ,SETUBAL,0,0
0eb3d988187746a990d5956b51b36d92,35,SOLTEIRO                      ,-,0,0
e6c40aafba4b49cb9fb51ae8b1035501,44,SOLTEIRO                      ,LISBOA,0,0
23cd1332b58e4897b703e7335323156f,44,CASADO REG COMUNHAO ADQUIRIDOS,FARO,0,0
baf66d4adaf6409fa4f4fdcb289688aa,65,CASADO REG COMUNHAO ADQUIRIDOS,LISBOA,2000-2499,0
f6b26c13052848deab0df6300cc768b4,42,SOLTEIRO                      ,LISBOA,0,0
c52690d062294118a29474dcd6f17b43,21,SOLTEIRO                      ,SANTAREM,0,0
8eeacd1cf2c74f18b15c2c0b819f33eb,32,SOLTEIRO                      ,SETUBAL,1000-1499,0
4af047e372a34fb4bdccd6b4eea23241,30,SOLTEIRO                      ,LISBOA,1500-1999,0
efdbd5af90434276b90480399db5c8a9,44,SOLTEIRO                      ,-,0,46052.89
8618dc41b1a64ff6b5e466019d252a4a,38,CASADO                        ,LISBOA,0,0
fe92248729c44f448481c5780127e6d1,47,SOLTEIRO                      ,LISBOA,0,104167.4
1462126536af4766a10721c2d28954cd,28,SOLTEIRO                      ,LISBOA,0,0
d70558c79b9d446f88aab1e18c4ec5b3,47,CASADO REG COMUNHAO GERAL BENS,LISBOA,1000-1499,84326.36
d601210e324444b09ae4c835c6cd742c,31,SOLTEIRO                      ,LISBOA,0,0
1da55d838b2944169f4f1e45683ccf53,42,SOLTEIRO                      ,LISBOA,0,192130.83
55ccf8f716624fc8958069d6884f26ea,44,SOLTEIRO                      ,BRAGA,0,0
8a25ba18b77d494f818a73b89d8f841a,29,CASADO REG COMUNHAO ADQUIRIDOS,LISBOA,0,0
5f08b181325648e99f65112fa5ff90e5,48,SOLTEIRO                      ,BRAGA,0,0
1db531296c3147efafc9a1ead855d7a3,39,CASADO REG COMUNHAO ADQUIRIDOS,SETUBAL,0,0
56daf308a56a40f598c9a8f98342e0c8,43,SOLTEIRO                      ,PORTALEGRE,2000-2499,0
25bf7557861f40f69d801b12a58ee28c,57,CASADO REG COMUNHAO ADQUIRIDOS,-,0,0
fc203b49141948f6978ee2ce9b20b60f,54,DIVORCIADO                    ,SETUBAL,1000-1499,87861.62
0dd9ca1eb2734f968f07de557ac9c3e6,36,SOLTEIRO                      ,SANTAREM,500-999,46441.57
475f0b3b02af43e996fb99328ae6d7a4,38,CASADO                        ,MADEIRA,0,0
bb65e7e8969e4d588eaa675e801f4e24,35,SOLTEIRO                      ,VILA REAL,0,0
a266511de5134e78821570b76c1969a6,34,UNIDO DE FACTO                ,-,0,39756.93
e87d305b09c7405a8e5e121d820b693d,30,SOLTEIRO                      ,BEJA,0,0
781c8cb2c8f9462eaa4a785cf92acc30,20,SOLTEIRO                      ,VILA REAL,0,0
ff08e42ff9e84014a1c7abd1486d7ac8,32,SOLTEIRO                      ,PORTO,0,0
c6b1d8797c1a49c48ac459de9c41f90f,27,SOLTEIRO                      ,FARO,1000-1499,0
4ea21b1e753049d58b15e9d556e6a77b,47,CASADO                        ,LISBOA,0,0
8e305b4172764abb928e3ede3f125f18,59,CASADO REG COMUNHAO ADQUIRIDOS,SETUBAL,500-999,53335.05
6b0d9ae5c9d84823a5f90309e61cf324,26,SOLTEIRO                      ,PORTO,0,0
dbceb089294a43239e99f45df0a5982f,49,VIUVO                         ,LEIRIA,1500-1999,93405.47
6803789f6a064de09aa4514aa9ad9238,71,CASADO REG COMUNHAO ADQUIRIDOS,-,0,0
d51e057159c944a8aa70a03278d66b76,49,CASADO REG COMUNHAO GERAL BENS,LISBOA,0,0
69c6ca9c085943e0beeeb1f372795d5a,26,SOLTEIRO                      ,LEIRIA,0,13590.65
86a93179129a49e194a73ffc696710b9,28,SOLTEIRO                      ,BRAGA,0,0
77c6a00943c340089a89368a149d8ee7,55,SOLTEIRO                      ,LISBOA,0,0
5a3095de6e06428186a4160cf710901d,72,CASADO REG COMUNHAO ADQUIRIDOS,LISBOA,0,0
aa9bb500121c4331818cd79058e80f53,26,SOLTEIRO                      ,AVEIRO,500-999,0
9b463849eb7443f0b40b71382673a34c,32,SOLTEIRO                      ,LEIRIA,0,0
783ae4f1e6664972b8f9a08342b10397,26,,BRAGA,500-999,0
6cbeb3bcfc3d43949cfab9c159e46815,42,SOLTEIRO                      ,LISBOA,0,72115.23
9ef233ef6ae140ffacce9f8c9c881b43,55,CASADO REG COMUNHAO ADQUIRIDOS,LISBOA,2000-2499,117593.45
e83447ac68264e9bb0b4c16f2b25c571,48,CASADO REG COMUNHAO ADQUIRIDOS,LISBOA,0,64963.16
b9d8ea8021654c30a01f5bd266ac8eb0,30,SOLTEIRO                      ,LEIRIA,0,0
c2241cf1842c49c49880fa54736fee5e,67,CASADO REG COMUNHAO GERAL BENS,AVEIRO,0,0
895ddd5bb7e24256b16be396bd8e93a7,42,SOLTEIRO                      ,PORTO,1000-1499,0
6acbd140cb63435fb203607188a3b2f3,30,SOLTEIRO                      ,LISBOA,500-999,0
05255fbf3dbc4ac0932efc0295a3863b,24,SOLTEIRO                      ,LISBOA,0,0
d543ecc6d8c94c3b98769687cbc6e1b5,38,CASADO                        ,LISBOA,1000-1499,0
62e5244abf4345ac8a3b0a70caa59972,42,SOLTEIRO                      ,PORTO,500-999,60898.08
5ba6e3dd1f39490bbea5ca26f50a79e2,41,CASADO REG COMUNHAO ADQUIRIDOS,LISBOA,0,0
c1ba7e770c554204ba48b8fef5d817b9,44,CASADO                        ,SETUBAL,0,0
54adf6b114ae46f9a08e060756e26ed5,56,CASADO REG COMUNHAO ADQUIRIDOS,COIMBRA,1000-1499,52419.25
2da042fe99d54ea782b613f727bd0337,36,SOLTEIRO                      ,LISBOA,0,0
efcc2ac43a62453b8e18b07d20c14052,45,CASADO REG COMUNHAO ADQUIRIDOS,PORTO,1500-1999,0
89b71b4edb90473aa754f87cfa112400,58,CASADO REG COMUNHAO ADQUIRIDOS,-,0,46081.15
926f9d5a91984978a8e99ac7a4b3dc4d,29,SOLTEIRO                      ,LISBOA,0,0
1cbe711dfeda4a2ab27eac8787922c31,30,SOLTEIRO                      ,PORTO,500-999,0
ed48df1078f442a6871ca9b11eba7165,29,SOLTEIRO                      ,VISEU,0,0
934505833fce4b3298449b9eebea25f5,27,SOLTEIRO                      ,BRAGA,0,0
ce4b57d989544c38bdd8ec08aa01fe6c,28,SOLTEIRO                      ,BEJA,0,0
d40b4a97f62f443284310fb1fc3222e6,19,SOLTEIRO                      ,VILA REAL,0,0
0ca60b75fc5a443b940cdead230077c9,53,CASADO REG COMUNHAO ADQUIRIDOS,SANTAREM,1000-1499,31192.08
5b8c5b90778e47b18b2456e9869f887f,45,CASADO REG COMUNHAO ADQUIRIDOS,SETUBAL,0,0
eb33f5bcd7584803accc1a76dfb97842,41,CASADO REG COMUNHAO ADQUIRIDOS,LEIRIA,500-999,0
9d5364b8d4754da38239a0bb3a2552c1,35,UNIDO DE FACTO                ,LEIRIA,0,0
5abb7307f641435dacf0ebf1936d6667,36,SOLTEIRO                      ,AVEIRO,1000-1499,0
f7f7e58845f04146b567371d6400879a,50,CASADO REG COMUNHAO ADQUIRIDOS,AVEIRO,500-999,0
8068a9024b5143a5a3153c7af9a22e55,26,SOLTEIRO                      ,BRAGA,0,0
2ec7908584594cacb76a0372aa11f8a7,61,CASADO REG COMUNHAO ADQUIRIDOS,SETUBAL,0,5554.07
1f17cc62be514d6cbea5712d18e37a49,35,SOLTEIRO                      ,BRAGA,0,0
7a7b87b2f70e481f845bc1372d49dbed,52,CASADO REG COMUNHAO ADQUIRIDOS,BRAGA,0,0
a0d1c3ac074f46e0bed2033e3b850b73,27,SOLTEIRO                      ,LISBOA,500-999,0
e221691bb84649a08255fb12e5afbb3d,38,SOLTEIRO                      ,FARO,0,0
6cc58a2625d84165a69aca9f349cb97b,29,SOLTEIRO                      ,LISBOA,1500-1999,0
d2613aa7bb214f2ab2bc43b36b7ba28d,50,SOLTEIRO                      ,SETUBAL,0,0
6657241c0c5b4c48a049e86c34855bfc,29,SOLTEIRO                      ,BEJA,1500-1999,2881.63
62479164a3d64c66b526cc0222ebc0a2,33,SOLTEIRO                      ,BRAGA,1000-1499,100591.04
46a92f94b83242289667046f452e44d3,52,CASADO REG COMUNHAO ADQUIRIDOS,BRAGA,500-999,0
29b7f4689f8642a79584d07ca2c30038,53,SOLTEIRO                      ,SETUBAL,0,0
3a5a43ca869e4ae5be6ccd45b01b80fd,33,SOLTEIRO                      ,PORTO,500-999,0
9daa4e0d862b4184908e686de4fb7a16,58,CASADO REG COMUNHAO ADQUIRIDOS,AVEIRO,500-999,0
c7aaaa96059c457690d888a79fdbcb3c,70,DIVORCIADO                    ,SETUBAL,0,0
2d21766af5284a519bb4490ecbe9e0c8,20,SOLTEIRO                      ,VIANA DO CASTELO,0,0
750730082872454a8fbe6b74eac2f2c1,24,UNIDO DE FACTO                ,PORTO,500-999,0
28569a7370d44b7fbe92134d90e9f330,35,SOLTEIRO                      ,LISBOA,1000-1499,68512.92
525f589ca6b04b878773dc0355ce5232,46,DIVORCIADO                    ,MADEIRA,1500-1999,162304.73
ad733fdb961b4ca391c09548caaa4169,47,CASADO REG COMUNHAO GERAL BENS,SETUBAL,0,86246.31
67eb8d7841c043cfbc0895ea36b9fa17,60,CASADO                        ,PORTO,0,0
934d2f7318554b59b9be832b7e8d42cc,40,CASADO REG COMUNHAO GERAL BENS,AVEIRO,0,95451.64
ea0306572df94a3eb2e0b2631287021a,32,SOLTEIRO                      ,LEIRIA,2000-2499,0
bbb510bf67c04b0eb68d0ecc5df5d91e,43,CASADO REG COMUNHAO ADQUIRIDOS,PORTO,1000-1499,0
6c80da9b89c146759cf57fb11d281ae0,43,DIVORCIADO                    ,VISEU,1500-1999,93185.03
342f6adede604e2d87d640288455a86c,48,CASADO REG COMUNHAO ADQUIRIDOS,COIMBRA,0,332881.08
239f684e335b4c5cba7a619912eedaab,26,SOLTEIRO                      ,SETUBAL,0,0
727673e2245d441b9e2ef07f093d8d8d,28,SOLTEIRO                      ,BRAGA,0,0
d8c1c959adfd43cc9379cec08875ea08,60,CASADO REG COMUNHAO ADQUIRIDOS,SANTAREM,0,0
4ecc4f544b474732ae32642e4f8e4b13,30,SOLTEIRO                      ,LISBOA,2000-2499,0
1e7dfdb445e74776b7216a379344b35b,29,SOLTEIRO                      ,LISBOA,0,0
ba3bdcfcf8f0496db4c6182552d52f3e,49,CASADO                        ,-,0,0
79be307f7c2e43e6946fa1912ee5a2d2,45,SOLTEIRO                      ,LISBOA,0,0
36e50d4331c844bb9ddedde726b7cafc,29,SOLTEIRO                      ,PORTO,1000-1499,0
c1dd4897029f4d689d8bf29190c87169,29,UNIDO DE FACTO                ,LISBOA,0,147184.59
62ad174a8ca04596b04eae076ea04c4a,62,CASADO                        ,PORTO,0,0
ef67525599fb4ed296b4d30125dc74e4,26,CASADO REG COMUNHAO ADQUIRIDOS,LISBOA,0,0
d8d08d7850134a1da0ca527e337b44b7,58,CASADO REG COMUNHAO ADQUIRIDOS,PORTO,0,31282.63
539e880c582c4c25a7dacc8c252ec90f,25,SOLTEIRO                      ,LEIRIA,1000-1499,0
6c4e77603cc248569d5a10c2c5ef9a28,39,SOLTEIRO                      ,SETUBAL,2000-2499,88784.28
107c40186ad0458c974ea02e6681a665,52,SOLTEIRO                      ,SETUBAL,0,57717.25
e43408e0cde14bb0a8fc10be69cb95d4,34,SOLTEIRO                      ,VIANA DO CASTELO,500-999,0
843c905e328740c19257562791a56538,28,SOLTEIRO                      ,SETUBAL,500-999,0
05f23ac6207442fea3cc8bb3832e2912,49,DIVORCIADO                    ,LEIRIA,1000-1499,9600.88
3d614904cd1541d79e80b00f525e80b3,27,SOLTEIRO                      ,SETUBAL,0,0
4472807309e54555ae45930dfc283b02,45,CASADO REG COMUNHAO ADQUIRIDOS,LISBOA,0,178586.83
9414be8902b94e7b91a2a78e14695442,46,CASADO                        ,LISBOA,0,47727.71
3400117042504dc681714c8c1de92de1,30,SOLTEIRO                      ,VISEU,1000-1499,0
6a60d5ced7e44b06bbca02d0abc4e764,47,DIVORCIADO                    ,AZORES,0,0
572e26e41f8c4c38a882c7bf9c027ebf,33,CASADO REG COMUNHAO ADQUIRIDOS,COIMBRA,0,0
1e205e0ebf0f4974beb2e260cd4b8ca8,29,SOLTEIRO                      ,LISBOA,500-999,0
6d01ae7b065142189b6ef274f9eaa51f,24,SOLTEIRO                      ,LISBOA,0,0
8d361d3b1cdc46f0852825380c5c337f,58,DIVORCIADO                    ,PORTO,1500-1999,0
256fbb9a30f74256ae6808e95a1b1501,53,SOLTEIRO                      ,LEIRIA,0,0
c71daab876ce49f2872a95a2facdfc36,26,SOLTEIRO                      ,BRAGANCA,0,0
d3ed306efb4e4bd583eca8fc686c7b63,48,SOLTEIRO                      ,-,0,0
ce3209117dd2464f84092a0a5a3db7f0,28,SOLTEIRO                      ,SETUBAL,0,0
3e8c0461a03b4d089234ff92733430d8,29,CASADO REG COMUNHAO ADQUIRIDOS,BRAGA,0,65360.24
deac66d501574f6990e1da0913da4593,38,SOLTEIRO                      ,SETUBAL,0,0
e5d6920da503405aa449881676c58716,48,CASADO REG COMUNHAO ADQUIRIDOS,LISBOA,1500-1999,0
0416967d360143d6b092f6e122f1b98a,41,SOLTEIRO                      ,SANTAREM,0,51751.98
3d710a428e0845f7a3a240c28ca618bb,29,SOLTEIRO                      ,PORTO,1000-1499,0
d81e5dc2f0054e87829c1e93522cee73,34,SOLTEIRO                      ,LISBOA,0,0
a07271e3398841689f7a696f9f0d521a,39,UNIDO DE FACTO                ,COIMBRA,1000-1499,77245.34
97db47e74caf4571832fc27d36fa6d48,41,SOLTEIRO                      ,AVEIRO,1500-1999,0
46e864237eca406284c8946bfcee1f88,49,UNIDO DE FACTO                ,LISBOA,0,46780.51
6bfea741ef7e44399d0fc0caa22f4f42,46,CASADO REG COMUNHAO ADQUIRIDOS,BRAGA,0,0
44823c22021244dcb746240dbde2e4a6,39,SOLTEIRO                      ,SANTAREM,0,0
29f0981acc12435f8d8b108e420b7591,30,SOLTEIRO                      ,VISEU,500-999,0
a0c057425a75448896ea40c84a3ca76e,55,CASADO REG COMUNHAO ADQUIRIDOS,LISBOA,2000-2499,0
c829a5e0c23147c9854ccf3f2043d7ea,27,SOLTEIRO                      ,PORTO,0,0
3987276fa51f4807b4fff471c9068377,42,SOLTEIRO                      ,AVEIRO,0,0
39e5210d4e574407a2c15e0052421ac7,55,DIVORCIADO                    ,PORTALEGRE,1000-1499,49683.62
e0c29d0052bf4d61aa247f44c240712a,38,SOLTEIRO                      ,SETUBAL,1000-1499,76137.38
e455d41a0cc14ed5901ca88c2ce01c5b,21,SOLTEIRO                      ,SETUBAL,0,0
0b323f0ac43e4d39b4f979cbab1e4690,27,SOLTEIRO                      ,LISBOA,0,0
174672e8f7d043e193022343495b9c03,41,DIVORCIADO                    ,MADEIRA,0,0
7149ffa1d5e742dbbf8ea40872ebd41d,42,SOLTEIRO                      ,PORTO,0,63274.4
0a5b114c9a06480f8b4b9336196f25c4,53,DIVORCIADO                    ,BRAGA,2000-2499,8257.14
2db37f5e1ef9428ea7cd5862f99e6792,27,SOLTEIRO                      ,LISBOA,0,0
5752221717994b2dada61786c6e4a372,28,UNIDO DE FACTO                ,LEIRIA,1000-1499,73115.91
90c89fe6d21a4b7a863d3b31f70e9906,25,SOLTEIRO                      ,COIMBRA,0,0
872b80a3a87a43c78fee78ac7d1a12d6,21,SOLTEIRO                      ,SETUBAL,0,0
13b74bc9b8d0424493f30532ed46c520,50,SOLTEIRO                      ,LISBOA,1000-1499,44027.96
0195f7c7163449feaea516679c05c7d8,27,SOLTEIRO                      ,LISBOA,500-999,0
47b2a3a385aa469d8488d01468c9bdf7,39,SOLTEIRO                      ,LISBOA,<500,34734.81
c8c6f83d84d3442cb13cff48938984f4,44,SOLTEIRO                      ,LISBOA,500-999,0
754d84cb6e644715b41771cef0d77050,19,SOLTEIRO                      ,LISBOA,0,0
78ceb86e84eb4f08825f5a057bf8f3c3,27,SOLTEIRO                      ,SETUBAL,0,0
b21ce0602d6648139ef9659f1ee6ce6f,27,SOLTEIRO                      ,LISBOA,500-999,0
c3bd7f41bdae47e89c751fe771f927ec,46,CASADO REG COMUNHAO ADQUIRIDOS,PORTO,>=3000,0
448e9873b557460b921c09c00ca5f835,36,SOLTEIRO                      ,PORTO,0,0
dbd00b85cde24d539ab72cd7ed2b45fc,32,SOLTEIRO                      ,-,0,0
c377eca363c245a080bb219f56d31f4b,52,CASADO REG COMUNHAO ADQUIRIDOS,SANTAREM,0,0
38311ac068f64f1cb45932cc3853e7fd,53,DIVORCIADO                    ,LEIRIA,1000-1499,0
065f4b25aac64ce1a8ddece29f0affa2,33,SOLTEIRO                      ,SETUBAL,0,0
eb3d85cf70f249539488e9efae9a32b3,26,SOLTEIRO                      ,EVORA,0,0
f17793b51e3c4d86ae1b9387599f219c,64,CASADO                        ,LISBOA,0,0
600731e7d8b745ccb60f90e1b40b24c0,26,SOLTEIRO                      ,GUARDA,500-999,0
1fc2057fc26043e6870d4e791d87ed09,27,SOLTEIRO                      ,SETUBAL,1000-1499,0
6074e293fcb74a91ad0ed6a61262fce4,45,SOLTEIRO                      ,BEJA,<500,0
f144787cc89a4fab9bececcedf5d5595,21,SOLTEIRO                      ,LISBOA,1000-1499,18503.08
13f50698b9244dc29dcf0b7b0320b15d,43,CASADO REG COMUNHAO ADQUIRIDOS,VISEU,0,0
2ae532f9b03944229f9eeaf61f0a89c9,52,CASADO REG COMUNHAO ADQUIRIDOS,SETUBAL,0,0
fa7944921d544ef78b2e51e7f2f84e7d,39,CASADO REG COMUNHAO ADQUIRIDOS,AZORES,1000-1499,92915.7
f62d4c259e9e4cff887b4a851f4c1c58,34,SOLTEIRO                      ,SETUBAL,0,0
73eaf2f4bab2436e9466d07571c68764,38,SOLTEIRO                      ,AVEIRO,1500-1999,92194.57
25b8a408d95640bba9514eb5d5647b04,33,UNIDO DE FACTO                ,FARO,<500,1745.18
3120e56e804849939f22b4806d85e319,49,CASADO REG COMUNHAO ADQUIRIDOS,PORTO,0,45171.66
0f6d728e63f7480ca9e284689cd5c015,28,SOLTEIRO                      ,SANTAREM,1000-1499,5272.17
6335035ec7ca4c2a9d1964484ce2cef8,27,SOLTEIRO                      ,PORTO,0,0
7915cd367f2f4d74926c13cbb725a78b,63,CASADO REG COMUNHAO ADQUIRIDOS,AZORES,1000-1499,0
d7933f4a5de64941a6e9cff8e9ab1fdb,43,CASADO REG COMUNHAO ADQUIRIDOS,PORTO,0,0
ed0f5dd0b17a4e53ac7e9bfb51494e55,59,CASADO REG COMUNHAO ADQUIRIDOS,VISEU,0,0
1ca382fb705349feac5a7004d95cc658,36,SOLTEIRO                      ,LISBOA,1000-1499,82311.12
05539d3dfc0d4b90857611b68b3d38c0,76,CASADO                        ,LISBOA,0,0
be932b29cf144805b3ba4d4a1d3dd078,24,SOLTEIRO                      ,LISBOA,<500,0
fbb3239246734a198492e61048bac1f5,66,VIUVO                         ,SANTAREM,0,0
1e4436bfe7cf4d57852cf604564a9cc3,43,CASADO REG COMUNHAO ADQUIRIDOS,VISEU,1000-1499,0
564e19b1b2464066b728f755c92dd673,32,SOLTEIRO                      ,-,0,2680.56
cac6aa9717504838bad05434adefc93a,63,CASADO                        ,SETUBAL,1000-1499,0
9178c84edb114f91a595fd45c259f61c,25,SOLTEIRO                      ,VISEU,0,0
f04f7ff1e9914cc6870ce48c129248bc,41,SOLTEIRO                      ,LISBOA,0,0
63e774f46e3f40d1986a7c7c1235438d,27,SOLTEIRO                      ,LISBOA,1000-1499,0
34f31ee918dc44a6bab130cc42b7e6e9,63,CASADO                        ,BRAGA,2500-2999,0
f67282d6212b49bdaad74efa363668e0,22,SOLTEIRO                      ,SETUBAL,0,0
2c90e6aa8e484ab781d51f9906c7d7d9,22,SOLTEIRO                      ,LEIRIA,0,0
5fd28500df6d4a65aa0197fb545bdc19,36,UNIDO DE FACTO                ,SETUBAL,0,0
8f0fbab01586455d8b885d95d3539b09,42,CASADO REG COMUNHAO ADQUIRIDOS,FARO,500-999,39102.75
9d19f67a68e7432f8fbca079377b6925,68,CASADO REG COMUNHAO GERAL BENS,FARO,0,0
147404f40d084492a59e1967c644fa46,46,DIVORCIADO                    ,GUARDA,2500-2999,147600
b016d6ec5d7948c0a2425f29509acdc7,71,CASADO REG COMUNHAO ADQUIRIDOS,PORTO,0,0
b8265749f3504295ae219c2451307721,58,SOLTEIRO                      ,-,0,40700.1
11903b943b524a65aa5631088f53668d,30,SOLTEIRO                      ,BEJA,500-999,0
0d73f0b8cee54f4dbf869555b5316754,57,CASADO REG COMUNHAO ADQUIRIDOS,LISBOA,0,0
b89f70bf4e67426688692b6855c22742,60,CASADO REG COMUNHAO ADQUIRIDOS,FARO,0,0
f81decd94e654909b8a7d7c5cf4ca180,39,SOLTEIRO                      ,LISBOA,0,0
6acd263725574db98607762c5f800562,26,SOLTEIRO                      ,LEIRIA,0,0
8a4e858e220a4582943e16751598221e,42,DIVORCIADO                    ,SETUBAL,1000-1499,58926.14
2e7f495fef6544a192d5d1bb96c3a778,48,SOLTEIRO                      ,GUARDA,1500-1999,0
3ac42c423dee4059920b8c0c87095135,54,SOLTEIRO                      ,AZORES,0,0
bd2b0efec4264f2e89b798a2aadf20a1,47,SOLTEIRO                      ,COIMBRA,1500-1999,31003.75
1c6dcce5338c40a2973f8bbb6bc7ebc0,34,SOLTEIRO                      ,PORTO,0,0
d33c6f99fffb4ec39c2f94c90db08781,41,SOLTEIRO                      ,SANTAREM,0,0
56b61f9d487d44849bab3f9298e7bf00,47,CASADO REG COMUNHAO ADQUIRIDOS,PORTO,0,23354.77
c4abac3d07954e3ba8e0bed46a093311,44,SOLTEIRO                      ,LISBOA,0,39627.13
212b0363974e4b768655eb46e6183166,36,SOLTEIRO                      ,LISBOA,1500-1999,0
f88d6e2134d44b7ea5bb95a6bad12790,28,SOLTEIRO                      ,VIANA DO CASTELO,0,0
5ab4976fd0694663b84bef9f5a6f733c,43,DIVORCIADO                    ,LISBOA,1500-1999,26590.92
2f822bab71f8498092b6ba0a4245a722,26,SOLTEIRO                      ,SETUBAL,500-999,2618.92
7406417daf6140d2a613e183c4120f5d,52,DIVORCIADO                    ,SETUBAL,1500-1999,65408.34
6e74b6fb77aa4b8fbeb94812354cc68e,27,SOLTEIRO                      ,VISEU,<500,0
5545de7562fd4c6596b727eb9a8fd26f,68,CASADO REG COMUNHAO ADQUIRIDOS,-,0,0
c9a9da11556d4fd8b52c29febb7e2e83,47,CASADO REG COMUNHAO ADQUIRIDOS,CASTELO BRANCO,500-999,81605.93
b031e00ca6454509b2197223836db49d,69,DIVORCIADO                    ,-,0,0
e292708e4af248108f5ba4c5fb3ad034,48,SOLTEIRO                      ,LISBOA,0,0
3ac747f3852b43248ca5d9478be36e96,59,SOLTEIRO                      ,AVEIRO,1500-1999,0
6844c3514dc54f04a47ef4f6a9f2e8ab,41,SOLTEIRO                      ,LISBOA,1500-1999,156241
ea95245153af4a3ca16d348de21e154d,27,SOLTEIRO                      ,COIMBRA,0,0
cd04d412d84943078cca4041b04941c1,30,SOLTEIRO                      ,LISBOA,0,0
6c9ad3a80bae49b6a1bc8e788239e8f9,63,CASADO REG COMUNHAO ADQUIRIDOS,EVORA,1500-1999,192557.85
94481d44b8534e5ab15a25af97ce1af1,32,SOLTEIRO                      ,PORTO,500-999,64828.41
63c3d77c5b874bffbb0a2ae0a8e1b5ae,53,SOLTEIRO                      ,PORTO,<500,0
66cc244542c646959f048fff5a286f49,37,SOLTEIRO                      ,BRAGA,0,0
b07d8a24d82946948107f08f93303acf,27,CASADO REG COMUNHAO GERAL BENS,SANTAREM,0,0
0031e92d064a43c496d2e811441dafad,32,SOLTEIRO                      ,-,0,0
056d32ffaff0404abbf2d11981967360,21,SOLTEIRO                      ,BEJA,500-999,0
83f4128814fe4de08596af89ccc584fb,34,CASADO                        ,CASTELO BRANCO,0,0
79e70991cd904f3d96df2ded05815269,35,SOLTEIRO                      ,PORTO,500-999,0
18cd0b523ff64144947c08ac6c72447a,40,DIVORCIADO                    ,PORTO,1000-1499,0
4b5c39e428154dfa8b95417c6cd5e7c4,42,CASADO REG COMUNHAO ADQUIRIDOS,PORTO,1000-1499,122275.25
a7cdd96c4cf24d4a8685eeed1785167b,32,UNIDO DE FACTO                ,LEIRIA,0,21319.93
ce0a48cf304344019d833c0f41f61a22,40,SOLTEIRO                      ,LISBOA,1500-1999,77118.65
0bbd6cca66e949779a709ec0bb186c67,21,SOLTEIRO                      ,SETUBAL,0,0
aa8eec02bbd942e5bc8124d840352504,40,SOLTEIRO                      ,FARO,500-999,0
d1c6511020694fa0b49fe3a0eea30c33,55,SOLTEIRO                      ,PORTO,0,0
15981485c0ea4780b8d28454f214b24d,43,CASADO REG COMUNHAO ADQUIRIDOS,SETUBAL,1000-1499,168596.65
c01cf162fd6b4c008d0a3b53acd462c8,27,SOLTEIRO                      ,LISBOA,0,0
60c6a2e995684174ba6cc82f5898dcfc,65,DIVORCIADO                    ,LISBOA,0,0
2e19846b2b5147c4b5daa11d4fd35a90,43,CASADO REG COMUNHAO ADQUIRIDOS,LISBOA,0,0
1d89ca6e42db42afa4957c6cc2a39b34,40,CASADO REG COMUNHAO GERAL BENS,AVEIRO,0,0
94df02245f274e44971470a8554fe87d,41,CASADO REG COMUNHAO ADQUIRIDOS,SANTAREM,500-999,84738.58
8efc04f56c574d45a5bc76528dce7508,49,SOLTEIRO                      ,LISBOA,0,10879.83
0721c3a573b8414d9b0518b7660d7de2,39,CASADO REG COMUNHAO ADQUIRIDOS,PORTO,0,0
18b4a0b69a384681a52a8e7705f8c947,25,SOLTEIRO                      ,PORTO,0,0
224b304199ed4c35b74e09a367e4a38c,40,CASADO REG COMUNHAO ADQUIRIDOS,AVEIRO,500-999,0
37aa99081e3e428dbd01f9ca4ae9ea4d,32,SOLTEIRO                      ,-,0,0
11b63b235b93464fafeef3dac8a7cdad,35,CASADO REG COMUNHAO ADQUIRIDOS,PORTO,0,0
683bddb32679404c93307cbbe8a8e0d0,32,SOLTEIRO                      ,VIANA DO CASTELO,0,0
cf17acee2b0b468c937d302dee665c33,42,CASADO REG COMUNHAO ADQUIRIDOS,MADEIRA,1500-1999,0
4d87c231784044ec8cfa3289d72664cc,60,DIVORCIADO                    ,SETUBAL,2000-2499,0
776871c9b81b4998aa63a04b0311977a,33,SOLTEIRO                      ,AZORES,0,0
a68a36476237455a99d3d9a8a9c09b4d,30,SOLTEIRO                      ,SETUBAL,1000-1499,0
27141cd32ba74d769b11c7f85c24f5f5,46,DIVORCIADO                    ,LISBOA,0,0
01d0b30a002a40a696d12f361077fb92,23,SOLTEIRO                      ,LISBOA,0,0
3dec2baf816f4a61ade0ba01d329d0d0,27,SOLTEIRO                      ,SANTAREM,0,0
784da022ea774cbbb1779f29f755e7a4,45,CASADO REG COMUNHAO ADQUIRIDOS,COIMBRA,1000-1499,107328.34
0430eb403e0047cc99d21b1150a2b7c4,50,SOLTEIRO                      ,LISBOA,0,0
5ca06e5016cc4e8288abf30923b9b086,34,SOLTEIRO                      ,LISBOA,0,0
2dbc52a3f4d74ff7a14731b539674a1d,30,SOLTEIRO                      ,LISBOA,0,0
5c2bac0bca184ecda0287d24fc854011,59,CASADO REG COMUNHAO ADQUIRIDOS,BEJA,0,0
35fda130b8e44ed0ad453322ef83cf15,40,CASADO                        ,VISEU,1000-1499,0
826e23c35be2453f91f4fcb2e718f3a0,42,SOLTEIRO                      ,LISBOA,1000-1499,0
fb7b32771cb34511b49ad593dfee016e,43,CASADO REG COMUNHAO ADQUIRIDOS,AZORES,1000-1499,0
a3e45e7f3f514903b5cc3d790bdab7dd,51,CASADO REG COMUNHAO ADQUIRIDOS,LISBOA,1000-1499,8982.54
9478b527135544589b7b1cd9baa3fa18,45,SOLTEIRO                      ,AVEIRO,500-999,0
1d5db3580f4f4c2b82ba40b4e9100f4d,74,CASADO REG COMUNHAO GERAL BENS,LISBOA,0,0
2153ffa2529149ab84b30789694996ad,47,CASADO REG COMUNHAO ADQUIRIDOS,SETUBAL,500-999,0
019d690a96604a049ed58eea48a732a1,45,CASADO REG COMUNHAO ADQUIRIDOS,SETUBAL,0,0
4dd17541a8f84b45bf40da08a46fab17,36,SOLTEIRO                      ,AVEIRO,2000-2499,0
51b3c0eaf5e84677bb608a0a634c3291,22,SOLTEIRO                      ,LISBOA,0,6142.23
2f3aa6f07bc74c2886139fea52c6b3d3,43,DIVORCIADO                    ,COIMBRA,0,190637.34
af85bcb82c4f427ca5634d200e10c898,42,SOLTEIRO                      ,LISBOA,0,73632.83
0d208d0b4382461b83c8716a0fd1433a,44,CASADO REG COMUNHAO ADQUIRIDOS,LEIRIA,2500-2999,0
7d7e906ad73e482584ff85522841f694,52,CASADO REG COMUNHAO ADQUIRIDOS,LISBOA,0,0
3617d2498c984ecab3932da030a0fcf5,51,CASADO REG COMUNHAO ADQUIRIDOS,PORTO,0,0
1eb40053b1c342aab6e052c74aa98748,38,SOLTEIRO                      ,LISBOA,>=3000,0
4a9de21b35a04c0f9c736afa32ce859a,53,SOLTEIRO                      ,FARO,1000-1499,31373.83
e5d293bd8d2e49459ad1eada07d029e4,51,DIVORCIADO                    ,SETUBAL,1000-1499,25454.65
7e6147ad173f4fdf9e7e6ee3bb77047e,49,CASADO REG COMUNHAO ADQUIRIDOS,COIMBRA,1500-1999,69252.16
d8e8d6d11315455299baa6c3a5b0da64,42,CASADO                        ,-,0,0
d4841ad18c1e4199be8b55d259cd3083,27,SOLTEIRO                      ,COIMBRA,0,0
304acc1b8894498c82dd1092e7d86849,50,SOLTEIRO                      ,-,0,0
f0cb5e3c1cac4fc18313931faf2421f2,32,SOLTEIRO                      ,-,0,0
87adca903e4143edb420f433427bd636,26,SOLTEIRO                      ,COIMBRA,0,0
8c01b5b54afc4b20b06ee6f88fa5dc4e,59,CASADO REG COMUNHAO ADQUIRIDOS,-,0,8703.81
1ce77314b6fe4781821fc389f9033e1d,65,DIVORCIADO                    ,SETUBAL,1500-1999,0
a1a7fe24bc4141c4babe6d53236dd3a8,29,SOLTEIRO                      ,PORTO,0,0
df26329e99ae47d7a1b3ff74d6396d9a,33,SOLTEIRO                      ,PORTO,0,0
9bdc0fa25a4941f69b98cbadc5add7ef,32,SOLTEIRO                      ,EVORA,0,78207.31
f746244e419c4f84828ec7cc279c227f,24,SOLTEIRO                      ,GUARDA,0,59821.9
e82e922fff884644b082249aeb56557b,50,CASADO REG COMUNHAO ADQUIRIDOS,AVEIRO,1500-1999,0
665bdef8b2c745189d81a77d3eacbf8a,49,CASADO                        ,SANTAREM,1500-1999,169089.16
c8783e832e9644d8b02fb20bfb298b38,41,SOLTEIRO                      ,LISBOA,>=3000,0
447ff5d5f8c242869c9878332932215c,52,VIUVO                         ,VILA REAL,0,21662.27
baefc2dc2f9b4b4c849d66873b620242,37,SOLTEIRO                      ,SETUBAL,500-999,0
bc89f3433917445694cf64b29d8d90d6,22,SOLTEIRO                      ,COIMBRA,0,0
c6afedd6a9ee4b6c95b140613c52d47c,21,SOLTEIRO                      ,VISEU,0,0
4371ddbd08e245a9ad563e456041dbc0,61,CASADO REG COMUNHAO ADQUIRIDOS,SETUBAL,1500-1999,0
cca14380c5d945039b2621a28c105713,22,SOLTEIRO                      ,LISBOA,0,0
df281dc485c3466982b560ceeaf364ff,44,SOLTEIRO                      ,LISBOA,0,0
db072be214bd469f8a2edaa1ba609f77,39,SOLTEIRO                      ,SETUBAL,0,0
76e7529747ad4f03b60e2c1fb1ff6f59,41,SOLTEIRO                      ,LISBOA,0,0
41ee1f1959324992b9792c09ebbe5194,60,CASADO REG COMUNHAO ADQUIRIDOS,EVORA,0,19486.35
64559c0734c241c096f0a95396d5b559,44,SOLTEIRO                      ,LISBOA,0,0
d4e93a33023c46c09c1796d65c77c7be,43,SOLTEIRO                      ,BRAGA,0,0
df0da1fd1fa54a40acb6648bbf3749a7,31,CASADO REG COMUNHAO ADQUIRIDOS,SANTAREM,500-999,71647.52
496c5aa4dfa046b08997a38af345bd17,52,UNIDO DE FACTO                ,BRAGANCA,0,0
00396a6cc69046b787ee55424c4cdc83,29,SOLTEIRO                      ,FARO,0,0
4bfcd6b86bc04cf7bbaa1b8a81670787,44,CASADO REG COMUNHAO GERAL BENS,PORTO,1000-1499,0
cb7503f505274d5c8329a4d2fceadb21,43,CASADO REG COMUNHAO ADQUIRIDOS,SANTAREM,0,100185.79
e66f98ecdbd848e7a4c00c90a15271ca,35,SOLTEIRO                      ,SETUBAL,0,86206.86
9dd041469b384707af584ef6721d7e15,40,SOLTEIRO                      ,-,0,0
4a9bc415623e4c379f9373719d13335a,24,SOLTEIRO                      ,BEJA,0,5000
60d3377fd6354086a2e26112818fb942,24,SOLTEIRO                      ,LISBOA,500-999,0
445e0660dab14cedbed673f297c78177,39,SOLTEIRO                      ,SETUBAL,0,103592.33
cb244cb0065d46f6acfc84dea7dfae6e,70,CASADO                        ,PORTO,0,0
b06ce81740ee447e971f5a10e0cdec96,26,SOLTEIRO                      ,LISBOA,0,0
7ec5960bda2640dcb9cfc92447792972,57,DIVORCIADO                    ,VIANA DO CASTELO,0,89148.12
b41ceeb40da949169dce3e623c143f8f,45,CASADO REGIME SEPARACAO BENS  ,PORTO,>=3000,52136.28
500b9bf864ff46f99ec630543c7c0bb9,46,DIVORCIADO                    ,LISBOA,1000-1499,104311.34
bf41067a14264842882d349b2318befd,44,CASADO REG COMUNHAO ADQUIRIDOS,AVEIRO,0,0
593dd4c5c4184e7ebc96fbad051d6bc6,31,SOLTEIRO                      ,LISBOA,0,0
a33736a206a04f0a945549b14909f118,29,SOLTEIRO                      ,PORTALEGRE,0,0
f9d2fe158cfc400382315dbaf921f80c,44,SOLTEIRO                      ,-,0,0
cd8b1e4377334ed198a37780f49fa2fe,71,CASADO REG COMUNHAO ADQUIRIDOS,PORTO,0,0
00b65a70bcf94365bd3b5629cc084327,58,DIVORCIADO                    ,LISBOA,1500-1999,0
fba30040e4a5475ab57bb79da5f81a81,19,SOLTEIRO                      ,LISBOA,0,0
e16e1550cb864780a9787bc5f0a96abf,40,SOLTEIRO                      ,SANTAREM,0,0
e352045f5686456493c15f7216fe56b2,31,SOLTEIRO                      ,VISEU,500-999,5737.52
24c38d1957d54c339e12458d9d1cc2de,46,CASADO                        ,BRAGA,500-999,0
06227ad00fdd41b9826803e378f1d0d1,35,SOLTEIRO                      ,CASTELO BRANCO,2000-2499,0
4a7becbbd1854746bd95b7a65a90426c,68,CASADO REG COMUNHAO ADQUIRIDOS,AVEIRO,0,0
e23d8d0f739b4a63b04073b260434602,67,SOLTEIRO                      ,BRAGA,0,0
951ad24fc3c54f8fa80b06d4661e2252,44,SOLTEIRO                      ,LISBOA,0,0
5187929d08a6478c8fccaf4eaeea9cce,28,CASADO REG COMUNHAO ADQUIRIDOS,LISBOA,1000-1499,0
999dc7e2ad0640419092fff1fa72e05c,48,SOLTEIRO                      ,PORTO,500-999,18765.84
a38797dbe0b3486c95a8350267f7b4bd,29,SOLTEIRO                      ,SETUBAL,0,0
f90e47334af04d67935fad5035c25601,67,CASADO REG COMUNHAO ADQUIRIDOS,-,0,0
ae2d59785f1e4591b127bb37f257e6aa,28,SOLTEIRO                      ,-,2000-2499,0
97c6a29dba404f14b69587ce9070f5ea,46,DIVORCIADO                    ,PORTO,1000-1499,99576.33
d8b121b7524d45aeb52380fba6148f34,35,SOLTEIRO                      ,LISBOA,0,0
66785aa3d3134e7588c109eded1645dd,21,SOLTEIRO                      ,FARO,0,0
9e4e6b3cab9c41e480685a5db3c128c8,51,SOLTEIRO                      ,LISBOA,0,0
3cd32d3443e8406e841f18701e6b1336,33,SOLTEIRO                      ,COIMBRA,0,0
26b3806e76044c208f3f4f338f00aee8,38,SOLTEIRO                      ,COIMBRA,0,48198.7
b8beff0550ad46369936595abc871133,62,CASADO REG COMUNHAO ADQUIRIDOS,-,0,0
f3abb56d31e4442b8e12eabad9b79a89,48,CASADO REG COMUNHAO ADQUIRIDOS,VISEU,0,29472.17
05fe7708bc4343d5975defb718d10796,31,,LISBOA,500-999,0
a1dec8a19a3348febec51d7905a9b760,41,SOLTEIRO                      ,-,0,0
24ccf950b38945078c3b9370d4847204,26,SOLTEIRO                      ,LISBOA,0,0
569c804b0cbf4f328d1130301dfdcf13,32,SOLTEIRO                      ,SANTAREM,0,0
812535cc13334a4dba1f92655cd752f4,46,CASADO REG COMUNHAO ADQUIRIDOS,PORTO,1000-1499,99549.26
23d802c020d0497099fb51dbf0d545b4,26,SOLTEIRO                      ,SETUBAL,0,0
cbcfae6b562c489e92aae7b9ac59353a,18,SOLTEIRO                      ,AVEIRO,0,0
48b585eeaaa74f49b4999153be898901,42,SOLTEIRO                      ,LISBOA,500-999,0
b835b9fbc7264a41825eb474b71e831c,46,CASADO REG COMUNHAO ADQUIRIDOS,VISEU,1000-1499,0
c25aed14752040f0b1e37ce55610342d,23,SOLTEIRO                      ,LISBOA,0,0
67962dde74544090aaeaed2520e5dafe,39,SOLTEIRO                      ,COIMBRA,500-999,0
e56d9fb4c02446c9b4fbec20b825250e,45,DIVORCIADO                    ,PORTO,1000-1499,148192.28
d901171c667d469b8c675c8fe4b56f08,31,SOLTEIRO                      ,LISBOA,0,0
7d5cbe5042ec4271aa74c8ca9316eb07,25,SOLTEIRO                      ,VISEU,0,0
7f6e4953056043dc8b03890944b4cd43,60,SOLTEIRO                      ,PORTO,0,62826.11
01a539d58f6b4d3d805eac4767a642e1,26,SOLTEIRO                      ,LISBOA,0,0
71815fb3e8cf4cb5ae1348afdf9151f0,54,CASADO REG COMUNHAO ADQUIRIDOS,COIMBRA,1000-1499,0
8d3b797d85454f7ca723ad0bc29a4423,38,SOLTEIRO                      ,PORTO,1000-1499,0
a4849b1984294b6c99b11aba3157d3aa,66,CASADO REG COMUNHAO ADQUIRIDOS,PORTO,0,0
6168487489254a88b67b42ca992bca3c,41,SOLTEIRO                      ,LISBOA,500-999,0
28ae4715125e4e14a818ad5b2f3b5e81,55,CASADO REG COMUNHAO ADQUIRIDOS,PORTO,0,0
d008d9cf3c084b50af9ff87d0ea508d3,27,UNIDO DE FACTO                ,FARO,0,0
c7c2cb309edb4fc2816e75d1ccbbed2c,43,SOLTEIRO                      ,LISBOA,0,84537.22
ba528b3607f645a5867d9400c188f8aa,37,SOLTEIRO                      ,LISBOA,0,98765.17
338a4c58e147419998e8d318d6005ccc,52,CASADO REGIME SEPARACAO BENS  ,-,0,253644.21
0913fc9bad5a485f985e0eb8fa983d4b,41,SOLTEIRO                      ,LISBOA,<500,0
259835bc193c46e9925fee22cbb7038a,34,SOLTEIRO                      ,BRAGA,500-999,0
288d8b55fd304a49ab5d4da13348a0d8,50,CASADO REG COMUNHAO ADQUIRIDOS,COIMBRA,1500-1999,42803.3
1a549849fa48419697ae84c4887f2a89,21,SOLTEIRO                      ,AVEIRO,0,0
270a3d5a6141454b9326e73e207cb870,33,SOLTEIRO                      ,LISBOA,2000-2499,84258.51
36f046bba88d46ae9f67e46c60323066,38,CASADO REG COMUNHAO GERAL BENS,-,0,0
d39b63fdcde9484fbefc29cd66cdf632,22,SOLTEIRO                      ,LISBOA,500-999,0
cca7d4dd91254ebfbd264592eb34b4c6,67,CASADO REG COMUNHAO GERAL BENS,AVEIRO,500-999,0
b71cee3f6fc74817afa9c53aca10c98a,40,CASADO REG COMUNHAO ADQUIRIDOS,AVEIRO,0,0
a7de3b84a2d5441fbf12e1e16bfae815,26,SOLTEIRO                      ,LISBOA,0,0
3b00af72b9b144c586509ea6dfb72f5c,27,SOLTEIRO                      ,LISBOA,0,0
5a0bac47b3a94b4fa164a8020f245726,30,SOLTEIRO                      ,SANTAREM,1000-1499,28903.82
9f8774aa4b974868a27dc51d4e037f22,45,CASADO                        ,VILA REAL,1000-1499,46693.21
45c1ea5de3c44ea7b76a4dd239f65803,26,SOLTEIRO                      ,SANTAREM,500-999,0
12dfb513ccd84fdb973c48f224e9baf7,56,DIVORCIADO                    ,LISBOA,0,0
cb949bcaa5f34e4fbba989caae0ab3ca,53,CASADO REG COMUNHAO ADQUIRIDOS,BRAGA,0,0
1d2fa730ddfb4d05b12ceaa66c1ead3b,50,SOLTEIRO                      ,MADEIRA,0,0
226f632dd8754fc6b99594cc6b1fcb0a,50,SOLTEIRO                      ,GUARDA,1000-1499,0
67240e31d7db4d598e0f40705e5e8647,42,SOLTEIRO                      ,PORTO,500-999,0
0db5dbcacfa94257beae09ccafc534d3,27,SOLTEIRO                      ,COIMBRA,500-999,0
50032aad4013433fb4406440a59efc98,37,SOLTEIRO                      ,COIMBRA,1500-1999,0
41b9264bf2d3440590cbd38e47cfb3a2,52,CASADO REG COMUNHAO ADQUIRIDOS,-,0,0
983206a77e814bd390cf699f90da0125,27,SOLTEIRO                      ,BRAGA,1000-1499,0
533a81b2db14429ca059cef18b7bb56e,50,CASADO REG COMUNHAO ADQUIRIDOS,BRAGA,0,0
aadedea0b29f414d8cb0631d15a96b9a,62,CASADO REG COMUNHAO GERAL BENS,LISBOA,1500-1999,28027.14
b0a797ed6c39419d9cba96f6e6fb04bf,22,SOLTEIRO                      ,LISBOA,0,0
cb3428bd8eed46819ef6f329a9c947d7,31,SOLTEIRO                      ,AVEIRO,1500-1999,0
24c213a821eb434ca5854c3d942690ca,53,SOLTEIRO                      ,LISBOA,0,21037.77
8f095357973f4033b46308c9213f9981,75,CASADO                        ,-,0,0
eab8fbcc286f4561aa6f74301c16572c,25,SOLTEIRO                      ,AZORES,0,24639.27
cb7ca5795d7448dc92ff9116337149fe,34,SOLTEIRO                      ,LISBOA,0,0
72e08d08e7534edd8f791f339341df2a,70,DIVORCIADO                    ,LISBOA,0,0
2f76401db58246eda1200b5aa3395a9f,37,CASADO REG COMUNHAO ADQUIRIDOS,PORTO,500-999,0
5c440e33b90b4705bb852da8e59844c5,50,CASADO REG COMUNHAO ADQUIRIDOS,SETUBAL,500-999,0
facb0579f79c4bbb8fa87beb3da0049c,35,SOLTEIRO                      ,LISBOA,500-999,0
5ac3ce1098904e05b9cd8016d258bb6c,28,SOLTEIRO                      ,AZORES,1000-1499,0
96ae0b373e544065b4207f68b6eca7d9,42,DIVORCIADO                    ,LISBOA,0,0
5201314d3f22452a83a61ac27e13c069,34,SOLTEIRO                      ,SETUBAL,500-999,0
12e3286f48c843eea465347244274317,54,CASADO REG COMUNHAO ADQUIRIDOS,PORTO,1000-1499,96272.04
b62a42749dfb4919a645e6c94c5d6fa6,56,SOLTEIRO                      ,LISBOA,1500-1999,0
e9e8aa95ddf249a0b0459d128085e501,22,SOLTEIRO                      ,LISBOA,0,0
b6d57cd98e6f4650837ab2d4193e2766,42,SOLTEIRO                      ,MADEIRA,0,0
2cb8b9d6b48449b898ef658ba69ef0e0,24,SOLTEIRO                      ,BRAGA,0,0
dade499c500e4efe8093cf257c3fecc0,28,SOLTEIRO                      ,VISEU,<500,0
abbf3bc699994c87999aecc91d8b58a2,32,SOLTEIRO                      ,BRAGA,0,0
e41746c59dc04595a65f5249a3e1a50c,24,SOLTEIRO                      ,BRAGA,0,0
84488281173446e2bd5cf0aae4a9f4c0,39,SOLTEIRO                      ,EVORA,0,0
8b5fc62b3b9f4ec4a81b5bee67eb9ddb,57,SOLTEIRO                      ,SETUBAL,0,0
3c97e5fb8cc7445fa09cc0fa4231a320,45,CASADO REG COMUNHAO ADQUIRIDOS,SETUBAL,2000-2499,136756.83
42c292b3639442d3b072f96eeee1e26c,78,CASADO REG COMUNHAO ADQUIRIDOS,-,0,0
a323ee8abddf4fd2a7fd281d82459f06,26,SOLTEIRO                      ,LISBOA,0,0
b4afd1996a7e499f8f87361f367c9aeb,31,SOLTEIRO                      ,PORTO,500-999,0
861e899c835843b1a003a12725b69a8f,38,SOLTEIRO                      ,PORTO,500-999,71428.33
0a90e59d7cf74348848e06daf52f4f47,44,SOLTEIRO                      ,LISBOA,0,0
47024ee1460c489ba96d30515515ad65,33,SOLTEIRO                      ,LISBOA,0,0
110ec0ceeaaa4d61ba87768482208861,52,SOLTEIRO                      ,BEJA,0,0
6bd2d4e88c374e2198e23674573dbecd,36,SOLTEIRO                      ,SETUBAL,500-999,27262.11
394dce6733db430f8291dc0d4b1bb9f0,28,SOLTEIRO                      ,LISBOA,0,0
44503df578134599ab233be4322e8556,51,UNIDO DE FACTO                ,SETUBAL,0,14147.93
c4a2f69f8c2e40a29bca3d95ac3ba316,51,DIVORCIADO                    ,SETUBAL,0,80788.78
f208c0a3e61e4dd58130cc2bdc5d83d8,47,CASADO REG COMUNHAO ADQUIRIDOS,LISBOA,0,97246.81
ad02d20c1cf640b0b37e8c748bb338c1,63,DIVORCIADO                    ,BRAGA,0,0
be2f667e703045ce91883641e8c6c0fe,72,SOLTEIRO                      ,COIMBRA,0,0
7de14ae85f154ae99d50907d93cb5cf7,63,DIVORCIADO                    ,LISBOA,0,0
044b76f5b5594ab1ac5c51bee7f4fba0,35,DIVORCIADO                    ,SETUBAL,0,0
84e4de8dda4f4909b0d7890554e6394b,56,SEPARADO JUDICIAL PESSOAS/BENS,LISBOA,0,0
73cf73d79a604ff8846a12e65a39d90b,44,CASADO REG COMUNHAO ADQUIRIDOS,SANTAREM,0,0
23f68869a7f141f3bb7c6acd2761e71e,41,CASADO REG COMUNHAO ADQUIRIDOS,SETUBAL,0,0
2c4d9dfaaec641cd98c3451931ad67e7,43,SOLTEIRO                      ,LEIRIA,0,0
1dca6e04b5b143b9ae44d9c54c6b15bb,21,SOLTEIRO                      ,-,0,0
30b73979f70541d6857e2f86872adfed,38,SOLTEIRO                      ,FARO,0,63425.28
8315c700f7124e2a834fa78fbc8f3d6c,38,SOLTEIRO                      ,LISBOA,0,0
c7b313fae6e94c54814e8b4afe6de275,50,SOLTEIRO                      ,LISBOA,2500-2999,29684.98
52efc630c37147779d653fb33e3417c3,43,SOLTEIRO                      ,BRAGA,0,0
fd381cb0e85a48ebb40ad831563a6737,37,UNIDO DE FACTO                ,BRAGA,0,0
46e19d048c9045a4bb14b13d386a2f2a,56,DIVORCIADO                    ,COIMBRA,1000-1499,34739.36
802bab96638043039942bba20f7e03e0,26,SOLTEIRO                      ,FARO,0,0
de077c13fd83467ab2ddb1267a9f99ef,29,SOLTEIRO                      ,LISBOA,500-999,0
30bf9710234b48c795dbb42469c05fa9,27,SOLTEIRO                      ,PORTO,0,0
2c8ead7a949f4badac429d6a6456c0ef,26,SOLTEIRO                      ,BRAGA,0,0
abafdf30819f40adab902db22f92e5c2,58,DIVORCIADO                    ,SANTAREM,1500-1999,0
ea933ef48bb24a37bb9917c01f51d48d,37,SOLTEIRO                      ,LEIRIA,<500,0
270043c950d640df8904ddd376a8c3de,75,DIVORCIADO                    ,LISBOA,0,0
a4e7ba4e37ab4b17b4c19605553d86cc,56,DIVORCIADO                    ,PORTO,1000-1499,0
af27309b52da4fe99de23cde9e8e7639,30,SOLTEIRO                      ,PORTO,0,0
31283d321f2a4eae818ef94ddf5bc4af,40,DIVORCIADO                    ,PORTALEGRE,500-999,31114.58
2376dda8ce3e443298abb841278b16b5,40,SOLTEIRO                      ,LISBOA,0,0
cc404bc32e24448dbaf13e49e2e6245b,22,SOLTEIRO                      ,SANTAREM,0,0
e4256fee3243494d953ae06902e823b4,21,SOLTEIRO                      ,BRAGANCA,0,0
9e6b16b82be741139c04a27a7af082c1,42,CASADO REG COMUNHAO ADQUIRIDOS,VIANA DO CASTELO,0,0
da8292d01453467da4477a5b6cc2433a,46,SOLTEIRO                      ,LISBOA,0,0
1437e2bb87524a91b6e55dc4ef694937,51,CASADO REG COMUNHAO ADQUIRIDOS,BRAGA,1000-1499,94539.98
bde934ae949e44e4a2f0d16411b4b790,31,CASADO REG COMUNHAO ADQUIRIDOS,BRAGA,1500-1999,0
0921f805bd634a07b10f25110c788aa4,42,SOLTEIRO                      ,LISBOA,<500,0
db2e7f8a260d40b5a7acb2866471174f,57,CASADO REG COMUNHAO ADQUIRIDOS,LISBOA,1500-1999,53982.43
678eb85adcf34764b6fb302ecaa9b073,25,SOLTEIRO                      ,VISEU,500-999,0
1da9f1498eb142398fb1c316d3529065,33,SOLTEIRO                      ,SANTAREM,1000-1499,0
abbafced7cde4634ade4de593e527f3e,39,SOLTEIRO                      ,BEJA,>=3000,173450.16
e7dd21761e5e4d2e938d87f5665316ed,69,SOLTEIRO                      ,-,0,0
aece8b84c55a466c8ce1dcc30747291c,45,SOLTEIRO                      ,LISBOA,0,0
0e2d3c52f1754c1cb473c3fece176b28,36,SOLTEIRO                      ,LISBOA,0,0
6cc9207bb02448e2b3cce1c80ee6bfeb,51,CASADO REG COMUNHAO ADQUIRIDOS,AVEIRO,>=3000,37734.98
7af144d5f2e64a598707726ebf853529,44,CASADO                        ,PORTO,500-999,0
070b9c0cc22d45e8aaf0790d05049999,73,VIUVO                         ,LISBOA,0,0
1c4dfc62745b430e8e5584632d6ed959,39,CASADO REGIME SEPARACAO BENS  ,LISBOA,1000-1499,167707.35
ac8fa2a948c14e1b88e038737165ad82,54,CASADO                        ,MADEIRA,0,5850.33
d02b3f88a772486385642416b78714cc,41,SOLTEIRO                      ,LEIRIA,1000-1499,84701.61
5eddf41a94144076841e8e7917d290e3,40,SOLTEIRO                      ,-,0,0
044b66daadb84aaf837dc5f3799571a4,39,SOLTEIRO                      ,GUARDA,1000-1499,132487
2af65f9fac7b411990580d4f0679866c,58,CASADO REG COMUNHAO ADQUIRIDOS,PORTO,0,0
d14045a12d9a40dba4c47798beebc629,46,CASADO REG COMUNHAO ADQUIRIDOS,VISEU,0,0
7a600080fbc642bda80cbfabf49d9be9,52,CASADO REG COMUNHAO ADQUIRIDOS,SANTAREM,0,0
aaebb79a00484e24a32a2f9bfa57ea72,55,CASADO REG COMUNHAO ADQUIRIDOS,MADEIRA,0,0
6c3344cc7c0d4639b8b3df378ef7e30e,29,SOLTEIRO                      ,AVEIRO,0,0
5cfc56f9c1aa4583b5215e7bbcb88e8c,34,SOLTEIRO                      ,PORTO,0,0
3cd8bfedeca24f96a49d10387b20ba90,51,VIUVO                         ,-,500-999,0
a8325b2a457148af8c5e3d9f6664b783,53,DIVORCIADO                    ,EVORA,0,0
98099033f9f64b82be7620182e42f39e,37,SOLTEIRO                      ,VILA REAL,>=3000,0
7fbebe963cd04dfc94873434fca40f36,52,CASADO REG COMUNHAO ADQUIRIDOS,LISBOA,1000-1499,15706.18
3cc65c21a5dd4a1f8a1d6bf9efd7bea6,46,SOLTEIRO                      ,SETUBAL,0,0
0a5f1533de0248549fbaabc6d19c5e53,42,SOLTEIRO                      ,PORTO,1500-1999,0
b98e718c19944e95873b4851e176ceb0,49,DIVORCIADO                    ,COIMBRA,1500-1999,4245.64
11f042407bd64f7db849e85d56352ab3,45,SOLTEIRO                      ,VISEU,0,0
ede9a63bd6914d8c95fd7225a1d94756,35,SOLTEIRO                      ,MADEIRA,0,92776.14
f04b82907d58474dac86d748087fbd95,32,SOLTEIRO                      ,SETUBAL,1000-1499,286910.26
b4ffb23176f64e188dbe8f9dfd6e111e,27,SOLTEIRO                      ,PORTO,0,0
fef1d086633e4e31a8d061d7cdfce6c9,40,SOLTEIRO                      ,AVEIRO,500-999,0
1bae60da83e842f6b19997e4800ddccb,58,CASADO REG COMUNHAO GERAL BENS,SETUBAL,1500-1999,66406.9
e882e09102f8425985a9bea8a27f4d49,33,SOLTEIRO                      ,SETUBAL,0,0
04d31101375841d5b8d321c7ce2441cc,52,CASADO REG COMUNHAO ADQUIRIDOS,SETUBAL,1000-1499,0
0da2b85fdd3f49acb5d1384cb3e768ae,59,DIVORCIADO                    ,COIMBRA,0,61933.38
6afd321fa40b43e98de48320c58c2b6f,46,CASADO REG COMUNHAO ADQUIRIDOS,AVEIRO,500-999,0
b568bb096e4e41358931d0d33da25e08,29,SOLTEIRO                      ,LISBOA,1500-1999,0
b486a68a864042dbaf5108069d9c382a,32,SOLTEIRO                      ,VILA REAL,1000-1499,0
c09699189dd048089fd2816055d2c0e7,33,SOLTEIRO                      ,PORTO,1500-1999,0
f22dbc0bd72a48f5ad0f69d2d7225c76,28,SOLTEIRO                      ,LISBOA,500-999,0
3435dafdbf794ba3be149ca97a07a160,43,SOLTEIRO                      ,SETUBAL,0,0
1dd87509471740cfa16008cfbf9af707,33,SOLTEIRO                      ,LISBOA,500-999,0
d191d59c0d2048c3a2a9c667afd08344,46,SOLTEIRO                      ,PORTO,0,19331.57
ca21b63a7e37463283c048b944c217e3,41,SOLTEIRO                      ,MADEIRA,0,0
2bc76e7fb2384f8ab4b678d9ab0c9330,36,SOLTEIRO                      ,PORTO,1500-1999,0
6776b0af6fa4492fa1c93e8f48be6698,32,SOLTEIRO                      ,BRAGA,0,0
59fc44b7a1f6493fbb957d92edc3a7f9,31,SOLTEIRO                      ,LISBOA,500-999,0
93fc184b08c14cdab917d1061d5090e1,66,CASADO REG COMUNHAO ADQUIRIDOS,-,0,0
c0bc694aba614b369ac1e0f5d9d854da,51,SOLTEIRO                      ,LISBOA,1500-1999,0
ba380fbc86a647bfbd2cd7df7db2f0de,48,DIVORCIADO                    ,LISBOA,1000-1499,4631.28
40897170c9d547c583fbbf0492cc78df,48,SOLTEIRO                      ,LISBOA,0,0
bd456e061abc46069d1716a8ab5b5dbb,47,DIVORCIADO                    ,SANTAREM,1500-1999,124327.7
a8a5109eb9d749a59c677d62d66279c5,43,DIVORCIADO                    ,SETUBAL,1500-1999,72752.1
c4e39de3479642398364851216b113d5,47,CASADO REG COMUNHAO ADQUIRIDOS,BRAGA,2000-2499,24644.33
ed861844169d4945b4cc315aa09805f9,30,SOLTEIRO                      ,VIANA DO CASTELO,0,0
26707cdbc7834971bbd7489cfad78632,27,SOLTEIRO                      ,SANTAREM,0,0
e88d9e82985c48958120c397842bb27d,61,CASADO                        ,-,0,0
c162de451248401b94dc17e4d5bdc0df,65,SOLTEIRO                      ,-,0,0
cb56f1d702c742b6b41ed2f2c28183e0,62,CASADO REG COMUNHAO ADQUIRIDOS,LISBOA,0,86051.29
e2692edce91b4cd0b8df16c13b49b2c5,55,CASADO                        ,SETUBAL,0,0
9dbf16e0fb884746a9059f4ca430e1a7,70,DIVORCIADO                    ,PORTO,0,0
6ed9b0c18ec644e884fc1bd88549e9f4,58,CASADO REG COMUNHAO ADQUIRIDOS,AVEIRO,1000-1499,11621.63
2ef2062f707c40a89ae0de5a5f96e5aa,23,SOLTEIRO                      ,BRAGA,500-999,0
01c79a286b474f73bdd42c65cbb9c74c,53,CASADO REG COMUNHAO GERAL BENS,BRAGA,2000-2499,128404.19
33d2612838214102992f5409a8186428,59,CASADO                        ,-,0,0
849a03c7c3294c20a5cbda23e071f113,39,CASADO REG COMUNHAO ADQUIRIDOS,PORTO,0,0
74220ba448e94246a9a3d82d83b8a250,36,CASADO                        ,CASTELO BRANCO,500-999,0
b8ba121e2dbe4b7f9ce5278b71ed68c0,44,DIVORCIADO                    ,CASTELO BRANCO,500-999,0
4f0bbda9922f49c9b23891466deb1680,38,SOLTEIRO                      ,BRAGA,0,0
09535bf88d4b4b0a97c088238f0d1102,47,DIVORCIADO                    ,LISBOA,0,0
5855a4da1dfd45febb31ea88ba1f74b3,34,SOLTEIRO                      ,LISBOA,500-999,0
f3d5ceb1e8bf4088bd24d1c37a2bc257,39,CASADO REG COMUNHAO ADQUIRIDOS,PORTO,500-999,135972.54
a6f1d5285eb24ef6b9d3cf80b589aa8c,29,SOLTEIRO                      ,LEIRIA,500-999,0
40e217f44f1a412b83ee8ace2a508565,28,SOLTEIRO                      ,PORTO,0,0
dd63273b339f4d22aecadacfdce6348e,36,CASADO REG COMUNHAO ADQUIRIDOS,-,0,0
051ada9cd6bf479bae8a9ebc172859a6,26,SOLTEIRO                      ,LISBOA,0,0
5dc4626baf9a467f95d9579c98d63524,40,CASADO REG COMUNHAO GERAL BENS,SETUBAL,0,242303.9
29525ac3309e4c0aa61d0096929968c5,31,SOLTEIRO                      ,PORTO,1000-1499,2966.29
3058cabb35f64e7592aaf19daf615fd6,34,SOLTEIRO                      ,PORTO,0,0
b32e03cb123d4d088c8c604e8725b953,46,SOLTEIRO                      ,BRAGA,2000-2499,0
19f203c704c7449c98e154a3e6cced5c,25,SOLTEIRO                      ,PORTO,0,69364.93
cd882ee169574da19346654480c43ea3,71,CASADO REG COMUNHAO ADQUIRIDOS,CASTELO BRANCO,0,0
4fb492d825ec43c29a7000ff56b5aee7,51,SOLTEIRO                      ,SETUBAL,0,0
5564e0d79b6141888be891dce9509321,35,CASADO REG COMUNHAO ADQUIRIDOS,LISBOA,0,0
a54cc9d35a0c48d7b0bdf61061c3c9de,26,SOLTEIRO                      ,AVEIRO,0,73610.01
f20c5b32c82a44e38b9b689d6d0fc38d,29,SOLTEIRO                      ,LISBOA,0,0
c1579e283c6640a4b23438b252d9fb4f,26,SOLTEIRO                      ,GUARDA,500-999,0
503b2b08ca794b14994c1f16db9235b3,32,SOLTEIRO                      ,LISBOA,500-999,0
a163dec9365a4cb29b99d157ef2fec10,37,SOLTEIRO                      ,MADEIRA,0,0
d82845a7378844aa80dc5a1232c3d32c,40,CASADO REG COMUNHAO ADQUIRIDOS,PORTO,2500-2999,0
16649de14f3e423094265667af626b07,41,SOLTEIRO                      ,VILA REAL,1500-1999,0
8ff636bbba5d4cd8993ab2cc64e1a625,79,CASADO REG COMUNHAO ADQUIRIDOS,-,0,0
1c8141b92c2d477e9d006f22d6e62a2c,60,DIVORCIADO                    ,GUARDA,2000-2499,0
9aa5025024934cf3abd809c6f812d48d,61,DIVORCIADO                    ,COIMBRA,2000-2499,70853.5
c0ab959ef3e54acea54c519c00b95d6f,32,SOLTEIRO                      ,-,0,0
f5de1222ba4d4afd896d3a45f825fc8d,49,CASADO REG COMUNHAO ADQUIRIDOS,-,1500-1999,0
9377b984442247d1acd6db209bc5f0b0,47,CASADO REG COMUNHAO ADQUIRIDOS,AVEIRO,0,0
b0665056a0884f1b888dddd75974544d,47,CASADO REG COMUNHAO ADQUIRIDOS,PORTO,1000-1499,25863.88
a104d345dcf2441995c644a3cb4375dc,32,SOLTEIRO                      ,SETUBAL,0,0
14cee6bd7daa4cad8c69490b227d5c28,54,CASADO REG COMUNHAO ADQUIRIDOS,LISBOA,0,0
4061b079b0bf4866bb0ac2ad6d4f2913,31,SOLTEIRO                      ,-,0,0
d22004311c2e43b1a394ab601f01c0ef,36,UNIDO DE FACTO                ,EVORA,0,4621.67
4c0e6a7683c94791871bc1d406a3e164,62,CASADO REG COMUNHAO ADQUIRIDOS,-,0,0
c4b634a30fff4d6b88488c440aaca690,35,CASADO REG COMUNHAO ADQUIRIDOS,LISBOA,1000-1499,41529.92
6c2274bb1dd0487e9e8fa8aca35ade91,67,CASADO REG COMUNHAO ADQUIRIDOS,BRAGA,0,0
491dde559e3f4c0c87438ce7b1cf0222,43,CASADO REG COMUNHAO ADQUIRIDOS,MADEIRA,0,45493.58
44e9d0d6994c4dcfbb8d6a5f21e81aee,22,SOLTEIRO                      ,SANTAREM,0,0
3cb62558262745918722a58ff3bee0d6,65,DIVORCIADO                    ,VILA REAL,0,22418.61
fb114299962d473d9bfc57487e25eda3,37,SOLTEIRO                      ,LEIRIA,0,0
12a7bb50067d43f18642e46712fd2d38,40,SOLTEIRO                      ,-,1000-1499,0
74dfd7667b56499b95fc3b7ecaf33579,30,SOLTEIRO                      ,PORTO,0,0
c67e143369ac422697907254d4377c10,68,CASADO REG COMUNHAO ADQUIRIDOS,BRAGA,0,0
bfff8ec4ffe44a689ac6e831c97894f8,35,SOLTEIRO                      ,SETUBAL,0,0
5d731c3c3d964240a47899166768860d,47,UNIDO DE FACTO                ,LISBOA,2000-2499,149095.91
87f01711fcff4c4cb39f862111d83189,55,DIVORCIADO                    ,GUARDA,0,62559.86
89a7987d4bb74081943dcf220d2292eb,39,SOLTEIRO                      ,SETUBAL,0,0
b011e1701116498abf36c25e4affd4a3,52,DIVORCIADO                    ,GUARDA,500-999,0
730c63080e0e4473a8807c5d1363165b,49,CASADO REG COMUNHAO ADQUIRIDOS,AZORES,1500-1999,25232.98
58b673cb07074f9e9fe710e6e0682d8b,54,CASADO REG COMUNHAO ADQUIRIDOS,LISBOA,1000-1499,89277.9
95b00d20994a4ca9ab776610edc52d78,63,CASADO REG COMUNHAO GERAL BENS,FARO,0,0
7459dcc597624e6abf98e0047e4f0037,32,SOLTEIRO                      ,PORTO,0,0
1a92aafbb9fb498d832c1970483db1cf,36,SOLTEIRO                      ,SETUBAL,500-999,0
dfa3a6a8c8354d829bdf5056588713b3,41,SOLTEIRO                      ,SETUBAL,500-999,121035.4
a744927db2e64e81924d5405aad0f7dc,29,SOLTEIRO                      ,BRAGA,0,0
f4fee0a92e8e4e7d95e2b5a8b2c793f3,55,SOLTEIRO                      ,LISBOA,1000-1499,29122.57
55e1e1b31472430b95bfb225a4a6bb9c,26,SOLTEIRO                      ,CASTELO BRANCO,<500,0
24ea23283533434bb6055b1e9117dde4,33,SOLTEIRO                      ,LISBOA,2000-2499,67983.42
1470d2c66d224c4d92bb323c22101913,51,CASADO REG COMUNHAO ADQUIRIDOS,GUARDA,500-999,0
b1378dde6b6f4e26ae7b18de87aa692a,26,SOLTEIRO                      ,PORTO,0,0
69e154b4e7f34af0b8f1cd150e7a43da,66,CASADO REG COMUNHAO ADQUIRIDOS,BEJA,0,0
5a77c38aa384487dae0614b2019d8ed1,21,SOLTEIRO                      ,SETUBAL,0,0
3ce7e7e0adcd40d3a869259d87e19637,32,SOLTEIRO                      ,AVEIRO,500-999,0
9b4d4a1ebd974f7eb5434c3e899bb537,40,CASADO                        ,LEIRIA,0,0
e987df7891e14d088cf4bed1cc60c2d1,26,SOLTEIRO                      ,PORTO,500-999,0
bc424f7062ca42df81c40bcc8205f48b,25,SOLTEIRO                      ,-,0,0
a34292e443474c678501176be35bcac7,47,SOLTEIRO                      ,LISBOA,0,0
ed8fec871fdd4c7187c242b559d60f21,61,SOLTEIRO                      ,LISBOA,1500-1999,0
0b6f16ba02a34733bdfdecc234ab5d45,30,SOLTEIRO                      ,LEIRIA,0,0
038a243f206d43f0aa98721d1c450ca1,27,SOLTEIRO                      ,VIANA DO CASTELO,0,0
39e67df38c0a4c49bdac00719e9bbb87,54,CASADO REG COMUNHAO ADQUIRIDOS,SETUBAL,2000-2499,107091.57
d226fbcf7e8b4077abad11fdb67faaba,29,SOLTEIRO                      ,FARO,1000-1499,0
27bceafc66ba4d08ade3ccaa8e3c09b1,55,CASADO REG COMUNHAO ADQUIRIDOS,SETUBAL,0,4160.27
7232fbe49bff4725aa125974bd98ac4f,74,DIVORCIADO                    ,LISBOA,0,0
4694534a1101482b927c45d08d44e4b0,67,CASADO REG COMUNHAO ADQUIRIDOS,LISBOA,1000-1499,13028.96
fc02058788e149b18d4410e79cd4860a,59,CASADO REG COMUNHAO ADQUIRIDOS,PORTO,>=3000,0
6df82c91d297469a834a0b4cff107e6f,23,SOLTEIRO                      ,LISBOA,<500,0
7c3730a3917a4794a57c56361d1d6e68,31,SOLTEIRO                      ,SANTAREM,500-999,0
5dc41925bc48492baae549f174c2dd9b,22,SOLTEIRO                      ,BEJA,0,0
0c21f7112e314724a022d754bc673612,28,SOLTEIRO                      ,LISBOA,500-999,0
c1617c154f4e49b4a779a70e5acb1ea9,46,SOLTEIRO                      ,AVEIRO,500-999,0
3a78c487bea845b08dfbfe607c308367,45,CASADO REG COMUNHAO ADQUIRIDOS,COIMBRA,0,0
c1f6cb6af1f044318cea69e551be320b,29,UNIDO DE FACTO                ,LISBOA,1000-1499,0
2dc95bdbfca44f30841fbaf8164ec946,48,SOLTEIRO                      ,-,0,0
58a89a0d1b554a6e81a7d7639797bcfe,60,CASADO REG COMUNHAO ADQUIRIDOS,BRAGA,2000-2499,0
f6d74b0c305841c1bfa5a5d57c203702,26,SOLTEIRO                      ,VIANA DO CASTELO,500-999,0
076d5257903542219890276142913ff6,58,DIVORCIADO                    ,SETUBAL,1000-1499,75256.36
fb70efff2a024ed9801936e1fd41a257,59,SOLTEIRO                      ,LISBOA,0,0
236011d4cdec4311bee62578a525e5e5,54,SOLTEIRO                      ,COIMBRA,1500-1999,0
720f19e11efc4244b1fb7141c83ea214,53,CASADO REG COMUNHAO ADQUIRIDOS,COIMBRA,0,0
ad561cec2209456caec178153ec0df36,29,SOLTEIRO                      ,PORTO,0,0
fdf33e9cefd2477ab73eec2c27b0e399,29,SOLTEIRO                      ,SANTAREM,0,5930.04
ea112308d00446cd811c8ec5302d06fc,41,DIVORCIADO                    ,-,0,41234.43
282cc01b932642c9b78d20640d381ff2,46,CASADO REG COMUNHAO ADQUIRIDOS,LISBOA,>=3000,0
2b001b44991a419ca4ae440b3778f662,43,SOLTEIRO                      ,SETUBAL,500-999,38403.11
852c6ea0ecaa431baf7584c5eab24bfd,42,SOLTEIRO                      ,COIMBRA,1500-1999,0
7ad2ca11c66146888d0f48b802903f80,49,SOLTEIRO                      ,LISBOA,1500-1999,0
6de2b616ee124331b828d516ee54164d,39,CASADO                        ,LISBOA,0,32429.86
b7f6105b96544ffda9183cc5c5d920d2,27,SOLTEIRO                      ,SETUBAL,0,6000
97318e89db594647a86f6404daa7f67f,27,SOLTEIRO                      ,VILA REAL,1500-1999,0
077824a687774584b5266dce03bc7340,26,SOLTEIRO                      ,LISBOA,500-999,0
e41394cc201f49af8875bd01a1ed85fb,43,SOLTEIRO                      ,LISBOA,0,0
5eb2efecf246497fa3156903867b4453,28,SOLTEIRO                      ,-,500-999,0
880a9d15555d46789f63f3728e34ddda,33,SOLTEIRO                      ,PORTO,0,0
e530a4106bfa4373930337e8ac219bee,45,SOLTEIRO                      ,LISBOA,0,0
b9bba6f0d6464a97a44b99407fb8d930,38,SOLTEIRO                      ,LISBOA,0,0
a11bd0c30a2047b1bc07ba29083f073b,33,SOLTEIRO                      ,BRAGA,1000-1499,0
939231f725a1408c9afec87aa7419f6f,46,SOLTEIRO                      ,PORTO,0,3754.26
2ca52cc9cdd8427588eb0b55ba674f3c,40,SOLTEIRO                      ,LISBOA,1000-1499,0
d235bcd9b61e439f876e1fd161014985,78,CASADO REG COMUNHAO ADQUIRIDOS,SETUBAL,0,0
67e4409e643142b5a107ec0ea58fe4f0,52,SOLTEIRO                      ,VILA REAL,1000-1499,0
b376532354a941bd84d1ae4bc765d0b3,39,DIVORCIADO                    ,SETUBAL,0,115434.21
6a94ad41ee7a472a80aaa04754f98ac6,37,SOLTEIRO                      ,SANTAREM,0,0
e97f09003903453a81269cb1996d2ced,54,VIUVO                         ,SETUBAL,0,0
1e38b0d5026f4d7d8d4440ef95271e68,34,SOLTEIRO                      ,LISBOA,500-999,0
8a80c224bea74b96847eb7709ceaad8f,39,UNIDO DE FACTO                ,PORTO,0,0
9b2951d76cb349188e00385e6af7e672,50,SOLTEIRO                      ,LISBOA,0,0
90f974e257e049fba64be79d25b2bb41,66,VIUVO                         ,AZORES,0,37297.02
770c078e882449b69674a57557d0dad9,79,DIVORCIADO                    ,LISBOA,0,0
a992700eed594b7aa4df90b76670435a,45,CASADO REG COMUNHAO ADQUIRIDOS,MADEIRA,>=3000,0
2afcdbd220c940388219220e35a436c7,43,CASADO REG COMUNHAO ADQUIRIDOS,PORTO,0,0
5433e600aa194b5fa9033cdc7ef51a4b,39,CASADO REG COMUNHAO ADQUIRIDOS,AVEIRO,500-999,0
11cf9cc7299a43798e1e88c360295ad3,53,SOLTEIRO                      ,SETUBAL,0,0
0d83e8f168b945138bd25a5896d7a771,75,CASADO                        ,-,0,0
d1e8667df91c4daea6763620aaac80bf,51,SOLTEIRO                      ,COIMBRA,2000-2499,73044.94
f0e590a19c954e499eb5501dd62afdc0,37,SOLTEIRO                      ,PORTO,0,0
5b1d45f505e34afc9ff6bcaa9bfea0e0,33,CASADO REG COMUNHAO ADQUIRIDOS,BRAGA,500-999,0
bc03604b5c0c4066a080b13a3d420199,41,SOLTEIRO                      ,VISEU,0,0
1a3a88ff7a99437ca50e7d3f875253dc,50,SOLTEIRO                      ,LISBOA,0,47023.37
411096cbd7da40c295a16e8d35b2c116,38,SOLTEIRO                      ,LISBOA,500-999,0
c57a2bf004584622a1a87a93bef531f5,41,CASADO REG COMUNHAO ADQUIRIDOS,MADEIRA,1500-1999,195686.35
aa414af793d143e799b672a39065edd0,42,DIVORCIADO                    ,FARO,1000-1499,130017.89
62501d6fea8641feaec8c1f766c7dbb5,47,SOLTEIRO                      ,LISBOA,500-999,0
5b4349844f364243949803d18fe156ea,27,SOLTEIRO                      ,SETUBAL,500-999,0
49699183fea34998bebab46ffcc23eae,44,DIVORCIADO                    ,SETUBAL,1000-1499,8123.77
cfc1a2ca71b24fd5a8e414f121fec073,34,SOLTEIRO                      ,LISBOA,1500-1999,0
01085ad018d44065915af6d22467217b,51,SOLTEIRO                      ,BRAGA,0,0
64b2cf522c634d87ab3f317acb44caf1,28,SOLTEIRO                      ,FARO,0,0
7a6d3a80208d4d2ab22959b6a68663dc,43,CASADO REG COMUNHAO ADQUIRIDOS,LISBOA,1000-1499,49591.57
b6442741752444f29d01b3ed12371807,63,CASADO REG COMUNHAO ADQUIRIDOS,PORTO,0,0
8afdd9016535426fb83249035d5d0c2f,63,DIVORCIADO                    ,SETUBAL,1000-1499,0
143f3accb3944cbdae5be112b13a90d4,44,SOLTEIRO                      ,-,0,0
e4613043efdd4a36b3b8f6c125ddf393,60,CASADO REG COMUNHAO ADQUIRIDOS,-,0,0
72e4f8c907ee4f3a8de7b83007c18c2a,34,SOLTEIRO                      ,LISBOA,0,0
b85d3a9d7f834a859d571665f3551347,36,UNIDO DE FACTO                ,LISBOA,1000-1499,105682.61
d6d15f0a48b04683bd06c60526e9f0c1,31,SOLTEIRO                      ,LISBOA,0,0
196d97ee02a84353bf7205adf952ae9d,39,SOLTEIRO                      ,AVEIRO,500-999,0
073d58b707704a8a8525bec1f65586ab,36,SOLTEIRO                      ,BRAGA,1500-1999,0
bf48a499f69f4e7ebde26d4920a3c623,49,CASADO REG COMUNHAO ADQUIRIDOS,SETUBAL,0,0
ea9a8cff700243f7ba21342e99f31656,30,SOLTEIRO                      ,BRAGA,0,0
1878d75e918347f28762b1956aa70d65,31,CASADO                        ,LISBOA,0,8519.39
79690d016a5640259dd36d197b3f76a2,49,CASADO REG COMUNHAO ADQUIRIDOS,PORTO,1000-1499,0
dd89550266ce412b83c41347b2fd66f3,64,DIVORCIADO                    ,LISBOA,0,0
39e44c0942824f99bfa6de1108598f79,40,SOLTEIRO                      ,PORTO,<500,0
5a7c9eb3bc184df38c590ee1ed7bbf97,45,CASADO                        ,SETUBAL,0,0
1262199ecdb844038bd6c50e9bb765f5,54,CASADO REG COMUNHAO ADQUIRIDOS,AVEIRO,0,0
191148ff29c64629b1edf90bfb721256,41,CASADO REG COMUNHAO ADQUIRIDOS,LISBOA,1000-1499,298826.35
478f1d1946054e38a66fb3da38ef755e,55,DIVORCIADO                    ,AZORES,2500-2999,74683.57
2df562ba18d64b9fb2e26ec24d7352f4,47,CASADO REG COMUNHAO ADQUIRIDOS,LISBOA,1500-1999,0
a06c2690d648494f9177d91fb623c575,60,CASADO REG COMUNHAO ADQUIRIDOS,LEIRIA,2000-2499,0
fa0da7b97f66418dadb36e9996561c45,35,SOLTEIRO                      ,LISBOA,0,0
497b3d10c5c641bfafb3b235835df889,61,DIVORCIADO                    ,EVORA,1000-1499,62411.48
02c8d534e10f42d6bff85b8b424a8c66,25,SOLTEIRO                      ,LISBOA,1000-1499,0
e2db970a519741d7a8b6455dcfb93357,76,CASADO REG COMUNHAO ADQUIRIDOS,LISBOA,0,0
a79682378e474d7fa5a481fd20253b46,36,UNIDO DE FACTO                ,COIMBRA,0,0
cb809ac53a944a239562c31368b6e85a,26,SOLTEIRO                      ,BRAGA,0,0
448a97f2ccb644cd87f3e7b4f818d347,43,SOLTEIRO                      ,LISBOA,0,0
2becbe6f7e8b467e9dfc5cc9bdb3e795,28,SOLTEIRO                      ,PORTO,500-999,0
38d33a3ce7c040349753cad4973fd7db,38,CASADO REG COMUNHAO ADQUIRIDOS,LISBOA,2000-2499,0
4d37973b9cc44d4cace26e4a73ccca73,56,VIUVO                         ,SETUBAL,0,0
1ee3667858dd4603b29d3a12234f7f8e,45,DIVORCIADO                    ,SANTAREM,0,64944.86
ea40a71fbc504a42a7f38919cf3e336e,47,CASADO REG COMUNHAO ADQUIRIDOS,BRAGA,0,0
ef1288f082d14ce39995ba0e62a9ff5d,38,SOLTEIRO                      ,SETUBAL,500-999,0
107d82267a5c4899b97c3d97a975eb51,30,SOLTEIRO                      ,LISBOA,0,0
5f7409bcaafb455fa9d9a6f4e3101861,33,UNIDO DE FACTO                ,SANTAREM,0,0
563ddd9909a7411dabd70b858ce00b5c,57,CASADO REG COMUNHAO ADQUIRIDOS,-,0,0